STATE,ST_CASE,VE_FORMS,VEH_NO,PER_NO,STR_VEH,COUNTY,DAY,MONTH,HOUR,MINUTE,RUR_URB,FUNC_SYS,HARM_EV,MAN_COLL,SCH_BUS,MAKE,MAK_MOD,BODY_TYP,MOD_YEAR,TOW_VEH,SPEC_USE,EMER_USE,ROLLOVER,IMPACT1,FIRE_EXP,AGE,SEX,PER_TYP,INJ_SEV,SEAT_POS,REST_USE,REST_MIS,AIR_BAG,EJECTION,EJ_PATH,EXTRICAT,DRINKING,ALC_DET,ALC_STATUS,ATST_TYP,ALC_RES,DRUGS,DRUG_DET,DSTATUS,HOSPITAL,DOA,DEATH_DA,DEATH_MO,DEATH_YR,DEATH_HR,DEATH_MN,DEATH_TM,LAG_HRS,LAG_MINS,P_SF1,P_SF2,P_SF3,WORK_INJ,HISPANIC,RACE,LOCATION
31,310001,2,1,1,0,55,1,1,0,20,2,2,12,1,0,20,20037,4,2011,0,0,0,0,12,0,19,1,1,2,11,3,0,1,0,0,0,1,9,2,1,240,0,8,0,0,0,88,88,8888,88,88,8888,999,99,0,0,0,8,0,0,0
31,310001,2,2,1,0,55,1,1,0,20,2,2,12,1,0,20,20029,5,2016,0,0,0,0,6,0,67,2,1,4,11,3,0,20,0,0,0,0,9,2,1,0,0,8,2,5,0,1,1,2018,1,14,114,0,54,0,0,0,0,7,1,0
31,310002,1,1,1,0,157,7,1,22,0,2,4,33,0,0,20,20481,34,1994,0,0,0,0,12,0,37,1,1,4,11,20,0,20,1,9,0,1,9,2,1,272,0,8,2,0,7,7,1,2018,22,19,2219,0,19,0,0,0,0,7,1,0
31,310003,1,0,1,1,55,10,1,6,57,2,4,8,0,0,NA,NA,NA,NA,NA,NA,NA,NA,NA,NA,47,1,5,4,0,96,8,97,8,0,0,0,9,2,1,0,0,8,2,5,0,12,1,2018,10,33,1033,51,36,0,0,0,0,1,1,2
31,310003,1,1,1,0,55,10,1,6,57,2,4,8,0,0,7,7029,4,2014,0,0,0,0,12,0,24,1,1,0,11,99,0,20,0,0,0,1,9,2,2,229,0,8,0,0,0,88,88,8888,88,88,8888,999,99,0,0,0,8,0,0,0
31,310004,2,1,1,0,79,10,1,16,55,1,5,12,6,0,20,20002,4,2004,0,0,0,1,3,0,28,1,1,4,11,99,0,1,0,0,1,9,9,2,1,0,9,8,8,5,0,10,1,2018,17,44,1744,0,49,0,0,0,0,7,1,0
31,310004,2,2,1,0,79,10,1,16,55,1,5,12,6,0,23,23481,34,2015,0,0,0,0,12,0,38,1,1,1,11,3,0,8,0,0,0,0,9,2,1,0,0,8,8,2,0,88,88,8888,88,88,8888,999,99,0,0,0,8,0,0,0
31,310005,2,1,1,0,119,10,1,4,30,1,2,12,1,0,7,7482,34,2002,0,0,0,0,12,0,36,1,1,4,11,99,0,99,0,0,0,9,9,0,0,996,9,8,0,0,7,10,1,2018,4,30,430,0,0,0,0,0,0,7,1,0
31,310005,2,2,1,0,119,10,1,4,30,1,2,12,1,0,82,82881,66,2007,1,0,0,0,6,0,54,1,1,0,11,3,0,20,0,0,0,0,9,2,1,0,0,8,8,0,0,88,88,8888,88,88,8888,999,99,0,0,0,8,0,0,0
31,310006,1,0,1,1,109,11,1,6,25,2,4,8,0,0,NA,NA,NA,NA,NA,NA,NA,NA,NA,NA,54,1,5,4,0,96,8,97,8,0,0,1,9,2,1,238,0,8,0,5,0,20,1,2018,0,24,24,209,59,0,0,0,0,7,1,11
31,310006,1,1,1,0,109,11,1,6,25,2,4,8,0,0,37,37031,2,2011,0,0,0,0,12,0,42,1,1,0,11,3,0,20,0,0,0,0,9,0,0,996,0,8,0,0,0,88,88,8888,88,88,8888,999,99,0,0,0,8,0,0,0
31,310007,2,1,1,0,17,11,1,18,20,1,3,12,2,0,12,12023,4,2011,0,0,0,0,12,0,17,2,1,4,11,3,0,8,0,0,1,0,9,2,1,0,0,8,2,0,7,11,1,2018,18,40,1840,0,20,0,0,0,0,7,1,0
31,310007,2,2,1,0,17,11,1,18,20,1,3,12,2,0,87,87884,66,1999,1,0,0,0,12,0,45,1,1,0,11,99,0,20,0,0,0,0,9,2,1,0,0,8,2,0,0,88,88,8888,88,88,8888,999,99,0,0,0,8,0,0,0
31,310008,3,1,1,0,159,4,1,18,24,1,4,12,2,0,20,20016,2,2002,0,0,0,0,12,0,27,1,1,4,11,20,0,1,0,0,0,1,9,2,1,152,0,8,8,0,7,4,1,2018,18,24,1824,0,0,0,0,0,0,7,1,0
31,310008,3,2,1,0,159,4,1,18,24,1,4,12,2,0,7,7442,20,2010,0,0,0,0,12,0,46,2,1,3,11,3,0,1,0,0,0,0,9,2,1,0,0,8,8,5,0,88,88,8888,88,88,8888,999,99,0,0,0,8,0,0,0
31,310008,3,3,1,0,159,4,1,18,24,1,4,12,2,0,19,19020,6,2011,0,0,0,0,12,0,57,2,1,0,11,3,0,8,0,0,0,0,9,2,1,0,0,8,0,0,0,88,88,8888,88,88,8888,999,99,0,0,0,8,0,0,0
31,310009,1,0,1,3,153,5,1,3,10,1,2,8,0,0,NA,NA,NA,NA,NA,NA,NA,NA,NA,NA,19,1,5,4,0,96,8,97,8,0,0,9,9,2,1,0,9,8,2,0,7,5,1,2018,99,99,9999,999,99,0,0,0,0,7,2,11
31,310009,1,0,2,3,153,5,1,3,10,1,2,8,0,0,NA,NA,NA,NA,NA,NA,NA,NA,NA,NA,47,1,5,4,0,96,8,97,8,0,0,9,9,2,1,228,9,8,2,0,7,5,1,2018,99,99,9999,999,99,0,0,0,0,7,1,11
31,310009,1,0,3,3,153,5,1,3,10,1,2,8,0,0,NA,NA,NA,NA,NA,NA,NA,NA,NA,NA,18,1,5,3,0,96,8,97,8,0,0,9,9,0,0,996,9,8,0,5,0,88,88,8888,88,88,8888,999,99,0,0,0,8,0,0,11
31,310009,1,0,4,3,153,5,1,3,10,1,2,8,0,0,NA,NA,NA,NA,NA,NA,NA,NA,NA,NA,15,2,5,3,0,96,8,97,8,0,0,9,9,0,0,996,9,8,0,5,0,88,88,8888,88,88,8888,999,99,0,0,0,8,0,0,11
31,310009,1,3,1,0,153,5,1,3,10,1,2,8,0,0,23,23881,61,2006,0,0,0,0,12,0,57,1,1,0,11,99,0,20,0,0,0,9,9,2,1,0,9,8,0,0,0,88,88,8888,88,88,8888,999,99,0,0,0,8,0,0,0
31,310010,2,1,1,0,153,13,1,2,51,2,2,12,2,0,18,18401,14,2006,0,0,0,0,12,0,32,2,1,2,11,3,0,1,0,0,0,0,9,0,0,996,0,8,0,5,0,88,88,8888,88,88,8888,999,99,0,0,0,8,0,0,0
31,310010,2,1,2,0,153,13,1,2,51,2,2,12,2,0,18,18401,14,2006,0,0,0,0,12,0,2,1,2,2,23,4,0,20,0,0,0,8,9,0,0,996,8,8,0,5,0,88,88,8888,88,88,8888,999,99,0,0,0,8,0,0,0
31,310010,2,2,1,0,153,13,1,2,51,2,2,12,2,0,20,20022,4,2006,0,0,0,0,12,0,32,1,1,4,11,20,0,1,0,0,1,0,9,2,1,212,1,8,2,0,7,13,1,2018,99,99,9999,999,99,0,0,0,0,1,1,0
31,310011,2,1,1,0,105,22,1,15,45,1,3,12,6,0,20,20403,14,2004,0,0,0,0,9,0,30,2,1,4,11,3,0,1,0,0,1,0,9,2,1,0,0,8,0,0,7,22,1,2018,16,4,1604,0,19,0,0,0,0,7,1,0
31,310011,2,1,2,0,105,22,1,15,45,1,3,12,6,0,20,20403,14,2004,0,0,0,0,9,0,33,1,2,4,13,3,0,1,0,0,1,8,9,2,1,0,8,8,0,0,7,22,1,2018,16,7,1607,0,22,0,0,0,0,7,1,0
31,310011,2,2,1,0,105,22,1,15,45,1,3,12,6,0,82,82881,66,2012,1,0,0,0,12,0,31,1,1,0,11,3,0,20,0,0,0,0,9,2,1,0,0,8,8,0,0,88,88,8888,88,88,8888,999,99,0,0,0,8,0,0,0
31,310012,2,1,1,0,119,18,1,15,15,1,5,12,6,0,7,7442,20,2005,0,0,0,0,12,0,25,1,1,4,11,20,0,1,0,0,0,0,9,2,1,0,0,8,8,5,0,18,1,2018,16,22,1622,1,7,0,0,0,0,7,1,0
31,310012,2,2,1,0,119,18,1,15,15,1,5,12,6,0,12,12481,34,2018,0,0,0,0,9,0,78,1,1,3,11,3,0,8,0,0,0,0,9,2,1,0,0,8,8,5,0,88,88,8888,88,88,8888,999,99,0,0,0,8,0,0,0
31,310012,2,2,2,0,119,18,1,15,15,1,5,12,6,0,12,12481,34,2018,0,0,0,0,9,0,76,2,2,1,13,3,0,2,0,0,0,8,9,0,0,996,8,8,0,5,0,88,88,8888,88,88,8888,999,99,0,0,0,8,0,0,0
31,310013,1,1,1,0,81,2,2,20,40,1,6,34,0,0,12,12481,34,2011,0,0,0,1,9,0,17,1,1,4,11,20,0,2,2,9,0,0,9,2,1,0,0,8,0,0,7,2,2,2018,20,45,2045,0,5,0,0,0,0,7,1,0
31,310013,1,1,2,0,81,2,2,20,40,1,6,34,0,0,12,12481,34,2011,0,0,0,1,9,0,17,2,2,2,13,20,0,2,0,0,0,8,9,0,0,996,8,8,0,5,0,88,88,8888,88,88,8888,999,99,0,0,0,8,0,0,0
31,310014,1,1,1,0,55,3,2,99,99,1,5,1,0,0,2,2404,14,2000,0,0,0,1,0,0,29,1,1,4,11,20,0,20,9,0,0,9,9,2,1,100,9,8,2,0,7,99,2,2018,99,99,9999,999,99,0,0,0,0,7,1,0
31,310015,2,1,1,0,127,3,2,20,10,1,3,12,6,0,7,7422,15,2005,0,0,0,0,11,0,51,1,1,0,11,3,0,20,0,0,0,1,9,2,1,101,0,8,0,0,0,88,88,8888,88,88,8888,999,99,0,0,0,8,0,0,0
31,310015,2,1,2,0,127,3,2,20,10,1,3,12,6,0,7,7422,15,2005,0,0,0,0,11,0,998,8,2,0,13,3,0,20,0,0,0,8,9,0,0,996,8,8,0,0,0,88,88,8888,88,88,8888,999,99,0,0,0,8,0,0,0
31,310015,2,1,3,0,127,3,2,20,10,1,3,12,6,0,7,7422,15,2005,0,0,0,0,11,0,998,8,2,0,21,3,0,20,0,0,0,8,9,0,0,996,8,8,0,0,0,88,88,8888,88,88,8888,999,99,0,0,0,8,0,0,0
31,310015,2,1,4,0,127,3,2,20,10,1,3,12,6,0,7,7422,15,2005,0,0,0,0,11,0,998,8,2,0,22,3,0,20,0,0,0,8,9,0,0,996,8,8,0,0,0,88,88,8888,88,88,8888,999,99,0,0,0,8,0,0,0
31,310015,2,1,5,0,127,3,2,20,10,1,3,12,6,0,7,7422,15,2005,0,0,0,0,11,0,998,8,2,0,23,3,0,20,0,0,0,8,9,0,0,996,8,8,0,0,0,88,88,8888,88,88,8888,999,99,0,0,0,8,0,0,0
31,310015,2,2,1,0,127,3,2,20,10,1,3,12,6,0,41,41402,14,2006,0,0,0,1,3,0,25,2,1,0,11,20,0,20,0,0,0,0,9,2,1,0,0,8,0,0,0,88,88,8888,88,88,8888,999,99,0,0,0,8,0,0,0
31,310015,2,2,2,0,127,3,2,20,10,1,3,12,6,0,41,41402,14,2006,0,0,0,1,3,0,26,1,2,4,13,20,0,20,1,9,0,8,9,0,0,996,8,8,0,5,0,3,2,2018,20,47,2047,0,37,0,0,0,0,7,1,0
31,310015,2,2,3,0,127,3,2,20,10,1,3,12,6,0,41,41402,14,2006,0,0,0,1,3,0,25,1,2,3,22,20,0,20,1,9,0,8,9,0,0,996,8,8,0,5,0,88,88,8888,88,88,8888,999,99,0,0,0,8,0,0,0
31,310016,2,1,1,0,55,5,2,0,34,2,2,12,2,0,20,20039,4,2005,0,0,0,0,12,0,27,1,1,4,11,20,0,1,0,0,0,1,9,2,1,275,1,8,2,0,7,5,2,2018,0,48,48,0,14,0,0,0,0,4,1,0
31,310016,2,2,1,0,55,5,2,0,34,2,2,12,2,0,20,20403,14,2007,0,0,0,0,12,0,47,1,1,3,11,3,0,1,0,0,0,0,9,2,10,3,0,8,0,5,0,88,88,8888,88,88,8888,999,99,0,0,0,8,0,0,0
31,310017,2,1,1,0,19,5,2,16,10,1,4,12,2,0,49,49401,14,1998,0,0,0,0,12,0,33,1,1,3,11,20,0,1,0,0,0,0,9,2,1,0,0,8,0,5,0,88,88,8888,88,88,8888,999,99,0,0,0,8,0,0,0
31,310017,2,1,2,0,19,5,2,16,10,1,4,12,2,0,49,49401,14,1998,0,0,0,0,12,0,81,1,2,1,13,3,0,1,0,0,1,8,9,2,1,0,0,8,0,5,0,88,88,8888,88,88,8888,999,99,0,0,0,8,0,0,0
31,310017,2,2,1,0,19,5,2,16,10,1,4,12,2,0,63,63037,6,2014,0,0,0,0,12,0,27,2,1,4,11,20,0,8,0,0,1,0,9,2,1,0,0,8,2,0,7,5,2,2018,16,27,1627,0,17,0,0,0,0,7,1,0
31,310017,2,2,2,0,19,5,2,16,10,1,4,12,2,0,63,63037,6,2014,0,0,0,0,12,0,30,2,2,4,13,20,0,8,0,0,1,8,9,0,0,996,0,8,0,5,0,5,2,2018,18,53,1853,2,43,0,0,0,0,7,1,0
31,310018,2,1,1,0,61,6,2,15,58,1,4,12,6,0,7,7482,34,2000,0,0,0,0,3,0,20,1,1,1,11,20,0,20,9,0,0,0,9,0,0,996,0,8,0,5,0,88,88,8888,88,88,8888,999,99,0,0,0,8,0,0,0
31,310018,2,1,2,0,61,6,2,15,58,1,4,12,6,0,7,7482,34,2000,0,0,0,0,3,0,82,2,2,4,13,20,0,20,0,0,0,8,9,0,0,996,8,8,0,0,7,6,2,2018,16,5,1605,0,7,0,0,0,0,7,1,0
31,310018,2,2,1,0,61,6,2,15,58,1,4,12,6,0,7,7024,4,2012,0,0,0,0,12,0,58,1,1,3,11,3,0,1,0,0,0,0,9,0,0,996,0,8,0,5,0,88,88,8888,88,88,8888,999,99,0,0,0,8,0,0,0
31,310019,2,1,1,0,67,7,2,10,45,1,4,12,6,0,20,20481,34,2008,0,0,0,0,3,0,66,1,1,4,11,20,0,20,1,9,0,0,9,2,2,0,0,8,0,0,7,7,2,2018,10,45,1045,0,0,0,0,0,0,7,1,0
31,310019,2,2,1,0,67,7,2,10,45,1,4,12,6,0,86,86881,66,2013,1,0,0,0,12,0,39,1,1,0,11,3,0,20,0,0,0,0,9,2,1,0,0,8,0,0,0,88,88,8888,88,88,8888,999,99,0,0,0,8,0,0,0
31,310020,2,1,1,0,19,9,2,16,53,1,4,12,6,0,49,49045,4,2003,0,0,0,0,3,0,30,1,1,4,11,20,0,1,0,0,1,0,9,2,1,0,0,8,2,0,7,9,2,2018,16,53,1653,0,0,0,0,0,0,3,1,0
31,310020,2,2,1,0,19,9,2,16,53,1,4,12,6,0,7,7482,34,2007,0,0,0,0,12,0,17,1,1,3,11,3,0,1,0,0,0,8,9,2,1,0,9,8,0,5,0,88,88,8888,88,88,8888,999,99,0,0,0,8,0,0,0
31,310021,1,1,1,0,109,15,2,7,1,2,7,42,0,0,82,82881,63,2000,0,0,0,0,7,0,38,1,1,0,11,99,0,20,0,0,0,0,9,0,0,996,0,8,0,0,0,88,88,8888,88,88,8888,999,99,0,0,0,8,0,0,0
31,310021,1,1,2,0,109,15,2,7,1,2,7,42,0,0,82,82881,63,2000,0,0,0,0,7,0,47,1,2,4,55,20,0,20,8,0,0,8,9,0,0,996,8,8,0,0,7,15,2,2018,7,2,702,0,1,0,0,0,1,7,1,0
31,310022,2,1,1,0,185,20,2,7,5,1,1,12,6,0,12,12481,34,2006,0,0,0,0,3,0,39,1,1,4,11,3,0,1,0,0,1,0,9,2,1,0,0,8,0,0,7,20,2,2018,7,5,705,0,0,0,0,0,0,1,1,0
31,310022,2,1,2,0,185,20,2,7,5,1,1,12,6,0,12,12481,34,2006,0,0,0,0,3,0,32,2,2,4,13,3,0,1,0,0,0,8,9,0,0,996,8,8,0,0,7,20,2,2018,7,5,705,0,0,0,0,0,0,1,1,0
31,310022,2,1,3,0,185,20,2,7,5,1,1,12,6,0,12,12481,34,2006,0,0,0,0,3,0,30,1,2,4,21,20,0,20,1,9,0,8,9,0,0,996,8,8,0,0,7,20,2,2018,7,5,705,0,0,0,0,0,0,1,1,0
31,310022,2,1,4,0,185,20,2,7,5,1,1,12,6,0,12,12481,34,2006,0,0,0,0,3,0,26,1,2,4,23,99,0,20,0,0,1,8,9,0,0,996,8,8,0,0,7,20,2,2018,7,5,705,0,0,0,0,0,0,1,1,0
31,310022,2,2,1,0,185,20,2,7,5,1,1,12,6,0,51,51881,66,2013,1,0,0,0,12,0,48,1,1,0,11,3,0,20,0,0,0,0,9,2,1,0,0,8,0,0,0,88,88,8888,88,88,8888,999,99,0,0,0,8,0,0,0
31,310023,2,1,1,0,161,23,2,20,50,1,3,12,2,0,7,7472,34,2003,0,0,0,0,12,0,31,1,1,3,11,3,0,1,0,0,1,9,9,2,1,23,9,8,0,5,0,88,88,8888,88,88,8888,999,99,0,0,0,8,0,0,0
31,310023,2,2,1,0,161,23,2,20,50,1,3,12,2,0,6,6043,1,2000,0,0,0,0,12,0,46,2,1,4,11,20,0,1,0,0,1,0,9,2,1,0,0,8,2,5,0,23,2,2018,99,99,9999,999,99,0,0,0,0,7,3,0
31,310023,2,2,2,0,161,23,2,20,50,1,3,12,2,0,6,6043,1,2000,0,0,0,0,12,0,14,1,2,4,13,3,0,1,0,0,1,8,9,0,0,996,8,8,0,5,0,23,2,2018,99,99,9999,999,99,0,0,0,0,7,3,0
31,310023,2,2,3,0,161,23,2,20,50,1,3,12,2,0,6,6043,1,2000,0,0,0,0,12,0,12,2,2,3,22,3,0,20,0,0,0,8,9,0,0,996,8,8,0,5,0,88,88,8888,88,88,8888,999,99,0,0,0,8,0,0,0
31,310024,2,1,1,0,131,25,2,4,30,1,3,12,6,0,20,20401,14,2000,0,0,0,0,12,0,37,2,1,2,11,3,0,1,0,0,0,0,9,0,0,996,0,8,0,5,0,88,88,8888,88,88,8888,999,99,0,0,0,8,0,0,0
31,310024,2,2,1,0,131,25,2,4,30,1,3,12,6,0,37,37032,4,2007,0,0,0,0,7,0,22,1,1,1,11,3,0,2,0,0,0,0,9,2,1,0,0,8,0,0,0,88,88,8888,88,88,8888,999,99,0,0,0,8,0,0,0
31,310024,2,2,2,0,131,25,2,4,30,1,3,12,6,0,37,37032,4,2007,0,0,0,0,7,0,23,1,2,4,13,3,0,2,0,0,0,8,9,0,0,996,8,8,0,5,0,26,2,2018,9,6,906,28,36,0,0,0,0,7,1,0
31,310025,1,1,1,0,37,26,2,13,58,1,4,35,0,0,84,84881,66,2007,1,0,0,0,12,0,53,1,1,4,11,20,0,20,0,0,0,0,9,0,0,996,0,8,0,5,0,26,2,2018,14,58,1458,1,0,0,0,0,1,7,1,0
31,310026,1,0,1,1,81,1,3,1,0,1,1,8,0,0,NA,NA,NA,NA,NA,NA,NA,NA,NA,NA,26,2,5,4,0,96,8,97,8,0,0,0,9,0,0,996,0,8,0,0,7,1,3,2018,1,0,100,0,0,0,0,0,0,7,1,20
31,310026,1,1,1,0,81,1,3,1,0,1,1,8,0,0,87,87884,66,2018,1,0,0,0,12,0,29,1,1,0,11,99,0,20,0,0,0,0,9,2,1,0,0,8,0,0,0,88,88,8888,88,88,8888,999,99,0,0,0,8,0,0,0
31,310027,1,0,1,1,55,1,3,8,7,2,3,8,0,0,NA,NA,NA,NA,NA,NA,NA,NA,NA,NA,60,1,5,4,0,96,8,97,8,0,0,0,9,2,1,0,0,8,2,5,0,18,3,2018,11,31,1131,411,24,0,0,0,0,7,1,1
31,310027,1,1,1,0,55,1,3,8,7,2,3,8,0,0,54,54402,14,2013,0,0,0,0,12,0,49,1,1,0,11,99,0,20,0,0,0,0,9,0,0,996,0,8,0,0,0,88,88,8888,88,88,8888,999,99,0,0,0,8,0,0,0
31,310028,2,1,1,0,55,6,3,5,14,2,1,12,9,0,37,37032,4,2006,0,0,0,0,6,0,28,1,1,0,11,3,0,2,0,0,0,0,9,2,1,0,0,8,0,0,0,88,88,8888,88,88,8888,999,99,0,0,0,8,0,0,0
31,310028,2,1,2,0,55,6,3,5,14,2,1,12,9,0,37,37032,4,2006,0,0,0,0,6,0,998,8,2,0,13,3,0,2,0,0,0,8,9,0,0,996,8,8,0,0,0,88,88,8888,88,88,8888,999,99,0,0,0,8,0,0,0
31,310028,2,1,3,0,55,6,3,5,14,2,1,12,9,0,37,37032,4,2006,0,0,0,0,6,0,4,1,2,4,22,4,0,20,0,0,0,8,9,0,0,996,8,8,0,5,0,6,3,2018,15,35,1535,10,21,0,0,0,0,7,2,0
31,310028,2,2,1,0,55,6,3,5,14,2,1,12,9,0,82,82881,66,2018,1,0,0,0,1,0,31,1,1,0,11,3,0,20,0,0,0,0,9,2,1,0,0,8,0,0,0,88,88,8888,88,88,8888,999,99,0,0,0,8,0,0,0
31,310029,1,1,1,0,93,1,3,22,10,1,7,1,0,0,12,12401,14,2003,0,0,0,2,0,0,16,2,1,4,11,20,0,20,1,9,0,9,9,2,1,321,9,8,0,5,0,1,3,2018,23,3,2303,0,53,0,0,0,0,7,1,0
31,310029,1,1,2,0,93,1,3,22,10,1,7,1,0,0,12,12401,14,2003,0,0,0,2,0,0,17,2,2,4,13,20,0,20,1,9,0,8,9,2,1,42,8,8,0,5,0,24,3,2018,16,41,1641,546,31,0,0,0,0,7,1,0
31,310030,2,1,1,0,185,7,3,22,40,1,6,12,6,0,7,7482,34,2013,0,0,0,1,12,0,18,1,1,1,11,3,0,8,0,0,0,0,9,2,1,0,0,8,0,6,0,88,88,8888,88,88,8888,999,99,0,0,0,8,0,0,0
31,310030,2,2,1,0,185,7,3,22,40,1,6,12,6,0,12,12017,4,1998,0,0,0,0,9,0,19,1,1,4,11,3,0,20,0,0,1,0,9,2,1,0,0,8,0,0,7,7,3,2018,22,41,2241,0,1,0,0,0,0,7,1,0
31,310030,2,2,2,0,185,7,3,22,40,1,6,12,6,0,12,12017,4,1998,0,0,0,0,9,0,17,1,2,4,13,20,0,20,0,0,0,8,9,0,0,996,8,8,0,0,7,7,3,2018,22,41,2241,0,1,0,0,0,0,7,1,0
31,310031,1,1,1,0,151,10,3,99,99,1,7,1,0,0,12,12471,34,2002,0,0,0,2,0,0,63,2,1,1,11,20,0,20,0,0,1,1,9,2,1,196,0,8,0,5,0,88,88,8888,88,88,8888,999,99,0,0,0,8,0,0,0
31,310031,1,1,2,0,151,10,3,99,99,1,7,1,0,0,12,12471,34,2002,0,0,0,2,0,0,66,1,2,4,13,20,0,20,0,0,1,8,9,0,0,996,8,8,0,0,7,10,3,2018,99,99,9999,999,99,0,0,0,0,7,1,0
31,310032,1,1,1,0,157,12,3,16,47,1,5,34,0,0,23,23401,14,2001,0,0,0,1,12,0,78,2,1,4,11,20,0,20,0,0,0,0,9,2,1,0,0,8,0,0,7,12,3,2018,16,47,1647,0,0,0,0,0,0,7,1,0
31,310033,1,1,1,0,55,13,3,1,42,2,1,14,0,0,63,63401,14,2008,0,0,0,0,12,0,21,1,1,4,11,3,0,1,0,0,0,9,9,2,1,0,9,8,0,5,0,13,3,2018,5,1,501,3,19,0,0,0,0,7,2,0
31,310033,1,2,1,0,55,13,3,1,42,2,1,14,0,0,7,7024,4,2015,0,0,0,0,6,0,42,1,3,3,11,20,0,8,0,0,0,0,9,0,0,996,0,8,0,5,0,88,88,8888,88,88,8888,999,99,0,0,0,8,0,0,0
31,310034,2,1,1,0,153,15,3,7,52,1,3,12,6,0,18,18023,4,2007,0,0,0,0,9,0,42,1,1,4,11,3,0,2,0,0,1,0,9,2,1,0,0,8,0,5,0,15,3,2018,9,5,905,1,13,0,0,0,0,7,1,0
31,310034,2,2,1,0,153,15,3,7,52,1,3,12,6,0,20,20481,34,2017,0,0,0,0,12,0,45,1,1,0,11,3,0,8,0,0,0,0,9,2,1,0,0,8,0,0,0,88,88,8888,88,88,8888,999,99,0,0,0,8,0,0,0
31,310035,2,1,1,0,101,16,3,9,45,1,4,12,6,0,20,20481,34,2016,0,0,0,0,12,0,35,1,1,0,11,3,0,8,0,0,0,0,9,2,1,0,0,8,0,0,0,88,88,8888,88,88,8888,999,99,0,0,0,8,0,0,0
31,310035,2,2,1,0,101,16,3,9,45,1,4,12,6,0,12,12017,4,2006,0,0,0,0,3,0,60,2,1,4,11,3,0,20,0,0,1,0,9,2,1,0,0,8,0,0,7,16,3,2018,9,50,950,0,5,0,0,0,0,7,1,0
31,310036,2,1,1,0,109,18,3,9,21,1,7,12,2,0,20,20037,4,2001,0,0,0,0,12,0,17,2,1,4,11,3,0,1,0,0,0,0,9,2,1,0,0,8,2,5,0,19,3,2018,13,35,1335,28,14,0,0,0,0,7,1,0
31,310036,2,2,1,0,109,18,3,9,21,1,7,12,2,0,20,20481,34,2007,0,0,0,0,12,0,61,1,1,1,11,3,0,1,0,0,0,0,9,2,1,0,0,8,0,5,0,88,88,8888,88,88,8888,999,99,0,0,0,8,0,0,0
31,310037,1,0,1,1,109,19,3,23,11,2,4,8,0,0,NA,NA,NA,NA,NA,NA,NA,NA,NA,NA,60,1,5,4,0,96,8,97,8,0,0,9,9,2,1,294,9,8,2,5,0,19,3,2018,23,59,2359,0,48,0,0,0,0,7,1,3
31,310037,1,1,1,0,109,19,3,23,11,2,4,8,0,0,2,2407,14,2016,0,0,0,0,12,0,54,1,1,0,11,3,0,20,0,0,0,0,9,2,1,0,0,8,0,0,0,88,88,8888,88,88,8888,999,99,0,0,0,8,0,0,0
31,310038,2,1,1,0,79,19,3,10,45,1,3,12,6,0,6,6441,20,2005,0,0,0,0,12,0,32,2,1,3,11,3,0,1,0,0,0,0,9,2,1,0,0,8,0,5,0,88,88,8888,88,88,8888,999,99,0,0,0,8,0,0,0
31,310038,2,1,2,0,79,19,3,10,45,1,3,12,6,0,6,6441,20,2005,0,0,0,0,12,0,998,8,2,0,23,4,0,20,0,0,0,8,9,0,0,996,8,8,0,0,0,88,88,8888,88,88,8888,999,99,0,0,0,8,0,0,0
31,310038,2,1,3,0,79,19,3,10,45,1,3,12,6,0,6,6441,20,2005,0,0,0,0,12,0,998,8,2,0,31,4,0,20,0,0,0,8,9,0,0,996,8,8,0,0,0,88,88,8888,88,88,8888,999,99,0,0,0,8,0,0,0
31,310038,2,2,1,0,79,19,3,10,45,1,3,12,6,0,49,49040,4,2002,0,0,0,0,9,0,85,2,1,4,11,20,0,1,0,0,0,9,9,2,1,0,9,8,0,0,7,19,3,2018,10,45,1045,0,0,0,0,0,0,7,1,0
31,310039,1,1,1,0,69,21,1,99,99,1,3,35,0,0,30,30047,3,1998,0,0,0,0,12,0,48,1,1,4,11,99,0,8,0,0,0,9,9,2,1,0,9,8,8,0,7,99,1,2018,99,99,9999,999,99,0,0,0,0,7,1,0
31,310040,2,1,1,0,37,23,3,19,50,1,3,12,2,0,12,12032,4,2015,0,0,0,0,12,0,65,1,1,4,11,99,0,1,0,0,1,0,9,0,0,996,0,8,0,0,7,23,3,2018,99,99,9999,999,99,0,0,0,0,7,1,0
31,310040,2,2,1,0,37,23,3,19,50,1,3,12,2,0,6,6441,20,2010,0,0,0,0,12,0,61,1,1,1,11,99,0,1,0,0,0,0,9,2,1,0,0,8,0,5,0,88,88,8888,88,88,8888,999,99,0,0,0,8,0,0,0
31,310040,2,2,2,0,37,23,3,19,50,1,3,12,2,0,6,6441,20,2010,0,0,0,0,12,0,62,2,2,3,13,20,0,1,0,0,0,8,9,0,0,996,8,8,0,5,0,88,88,8888,88,88,8888,999,99,0,0,0,8,0,0,0
31,310040,2,2,3,0,37,23,3,19,50,1,3,12,2,0,6,6441,20,2010,0,0,0,0,12,0,63,2,2,3,23,20,0,20,0,0,0,8,9,0,0,996,8,8,0,5,0,88,88,8888,88,88,8888,999,99,0,0,0,8,0,0,0
31,310041,1,0,1,1,119,6,4,6,35,2,4,8,0,0,NA,NA,NA,NA,NA,NA,NA,NA,NA,NA,78,1,5,4,0,96,8,97,8,0,0,0,9,0,0,996,0,8,0,5,0,6,4,2018,22,47,2247,16,12,0,0,0,0,7,1,11
31,310041,1,1,1,0,119,6,4,6,35,2,4,8,0,0,18,18421,15,2016,0,0,0,0,12,0,60,2,1,0,11,3,0,20,0,0,0,0,9,2,1,0,0,8,0,0,0,88,88,8888,88,88,8888,999,99,0,0,0,8,0,0,0
31,310042,1,1,1,0,33,10,4,6,40,1,7,10,0,0,7,7402,14,2000,0,0,0,0,3,0,37,2,1,4,11,20,0,20,0,0,1,9,9,2,1,76,9,8,0,0,7,10,4,2018,6,59,659,0,19,0,0,0,0,7,1,0
31,310043,1,0,1,1,55,9,4,16,52,2,7,8,0,1,NA,NA,NA,NA,NA,NA,NA,NA,NA,NA,8,1,5,4,0,96,8,97,8,0,0,0,9,2,1,0,0,8,0,5,0,9,4,2018,17,38,1738,0,46,0,0,0,0,7,2,11
31,310043,1,1,1,0,55,9,4,16,52,2,7,8,0,1,90,90981,50,2014,0,2,0,0,12,0,33,2,1,0,11,3,0,20,0,0,0,0,9,0,0,996,0,8,0,0,0,88,88,8888,88,88,8888,999,99,0,0,0,8,0,0,0
31,310044,2,1,1,0,79,1,4,10,33,1,3,12,6,0,12,12481,34,2016,0,0,0,0,12,0,61,1,1,0,11,3,0,1,0,0,0,0,9,2,1,0,0,8,0,0,0,88,88,8888,88,88,8888,999,99,0,0,0,8,0,0,0
31,310044,2,2,1,0,79,1,4,10,33,1,3,12,6,0,13,13001,4,1996,0,0,0,0,9,0,84,2,1,4,11,3,0,1,0,0,0,9,9,2,1,0,9,8,0,5,0,1,4,2018,11,45,1145,1,12,0,0,0,0,7,1,0
31,310045,1,1,1,0,127,10,4,8,46,1,3,10,0,0,12,12471,34,1999,0,0,0,0,3,0,86,1,1,4,11,20,0,1,0,0,1,9,9,2,1,0,9,8,0,0,7,10,4,2018,8,46,846,0,0,0,0,0,0,7,1,0
31,310046,2,1,1,0,55,11,4,6,41,2,4,12,6,0,12,12401,14,2001,0,0,0,0,10,0,42,1,1,0,11,3,0,20,0,0,0,9,9,0,0,996,9,8,0,0,0,88,88,8888,88,88,8888,999,99,0,0,0,8,0,0,0
31,310046,2,2,1,0,55,11,4,6,41,2,4,12,6,0,37,37706,80,2013,0,0,0,0,12,0,31,1,1,4,11,98,0,20,8,0,0,9,9,2,1,0,9,8,2,0,7,11,4,2018,6,48,648,0,7,0,0,0,0,1,1,0
31,310047,1,1,1,0,49,13,4,12,25,1,1,14,0,0,82,82881,66,2018,1,0,0,0,12,0,61,1,1,4,11,3,0,20,0,0,0,0,9,2,1,0,0,8,0,0,7,13,4,2018,12,25,1225,0,0,0,0,0,1,7,1,0
31,310047,1,2,1,0,49,13,4,12,25,1,1,14,0,0,85,85881,66,2016,1,0,0,0,6,0,43,1,3,0,11,20,0,20,0,0,0,0,9,2,1,0,0,8,0,0,0,88,88,8888,88,88,8888,999,99,0,0,0,8,0,0,0
31,310048,2,1,1,0,155,26,4,21,52,1,5,12,6,0,49,49044,2,2000,0,0,0,1,11,0,37,2,1,4,11,20,0,1,0,0,1,1,9,2,1,212,0,8,0,0,7,26,4,2018,22,2,2202,0,10,0,0,0,0,7,1,0
31,310048,2,1,2,0,155,26,4,21,52,1,5,12,6,0,49,49044,2,2000,0,0,0,1,11,0,19,1,2,3,13,98,0,98,0,0,0,8,9,0,0,996,8,8,0,5,0,88,88,8888,88,88,8888,999,99,0,0,0,8,0,0,0
31,310048,2,2,1,0,155,26,4,21,52,1,5,12,6,0,7,7482,34,2008,1,0,0,0,12,0,30,1,1,1,11,3,0,1,0,0,0,0,9,2,1,30,0,8,0,5,0,88,88,8888,88,88,8888,999,99,0,0,0,8,0,0,0
31,310049,2,1,1,0,145,30,4,7,54,1,5,12,2,0,7,7482,34,2011,0,0,0,0,12,0,32,1,1,0,11,99,0,20,0,0,0,9,9,2,1,0,9,8,0,0,0,88,88,8888,88,88,8888,999,99,0,0,0,8,0,0,0
31,310049,2,2,1,0,145,30,4,7,54,1,5,12,2,0,55,55036,4,1999,0,0,0,0,12,0,19,1,1,4,11,20,0,1,0,0,1,9,9,2,1,0,9,8,0,0,7,30,4,2018,7,54,754,0,0,0,0,0,0,7,1,0
31,310050,2,1,1,0,111,10,4,20,25,1,1,12,6,0,82,82881,66,2015,1,0,0,1,3,0,62,1,1,0,11,20,0,20,0,0,0,9,9,2,1,0,9,8,0,0,0,88,88,8888,88,88,8888,999,99,0,0,0,8,0,0,0
31,310050,2,1,2,0,111,10,4,20,25,1,1,12,6,0,82,82881,66,2015,1,0,0,1,3,0,49,1,2,2,13,20,0,20,0,0,0,8,9,0,0,996,8,8,0,5,0,88,88,8888,88,88,8888,999,99,0,0,0,8,0,0,0
31,310050,2,2,1,0,111,10,4,20,25,1,1,12,6,0,20,20481,34,2006,0,0,0,0,1,0,46,1,1,4,11,3,0,1,0,0,1,9,9,2,1,0,9,8,0,5,0,10,4,2018,22,0,2200,1,35,0,0,0,0,7,1,0
31,310051,2,1,1,0,55,26,4,17,55,2,4,12,6,0,37,37032,4,2004,0,0,0,0,3,0,35,1,1,2,11,99,0,20,0,0,0,0,9,0,0,996,0,8,0,0,0,88,88,8888,88,88,8888,999,99,0,0,0,8,0,0,0
31,310051,2,2,1,0,55,26,4,17,55,2,4,12,6,0,37,37706,80,1994,0,0,0,0,12,0,47,1,1,4,11,29,0,20,8,0,0,0,9,2,1,0,0,8,2,5,0,5,5,2018,11,44,1144,209,49,0,0,0,0,7,1,0
31,310052,2,1,1,0,109,16,3,6,34,2,4,12,6,0,12,12481,34,2009,0,0,0,0,12,0,22,1,1,1,11,20,0,1,0,0,0,1,9,2,1,14,0,8,0,0,0,88,88,8888,88,88,8888,999,99,0,0,0,8,0,0,0
31,310052,2,2,1,0,109,16,3,6,34,2,4,12,6,0,30,30042,3,2001,0,0,0,0,9,0,36,1,1,3,11,99,0,20,1,9,0,0,9,2,1,0,0,8,0,5,0,88,88,8888,88,88,8888,999,99,0,0,0,8,0,0,0
31,310052,2,2,2,0,109,16,3,6,34,2,4,12,6,0,30,30042,3,2001,0,0,0,0,9,0,8,1,2,4,23,3,0,20,0,0,0,8,9,0,0,996,8,8,0,5,0,16,3,2018,8,2,802,1,28,0,0,0,0,7,1,0
31,310053,1,1,1,0,159,6,4,1,21,1,1,1,0,0,49,49401,14,1996,0,0,0,2,0,0,28,2,1,3,11,3,0,20,0,0,0,0,9,0,0,996,0,8,0,5,0,88,88,8888,88,88,8888,999,99,0,0,0,8,0,0,0
31,310053,1,1,2,0,159,6,4,1,21,1,1,1,0,0,49,49401,14,1996,0,0,0,2,0,0,33,1,2,4,13,20,0,20,1,9,0,8,9,0,0,996,8,8,0,0,7,6,4,2018,1,21,121,0,0,0,0,0,0,7,1,0
31,310054,1,1,1,0,119,6,5,15,11,2,7,33,0,0,73,73705,80,1996,0,0,0,0,9,0,53,2,1,4,11,17,0,20,8,0,0,0,9,0,0,996,0,8,0,1,0,7,5,2018,18,15,1815,27,4,0,0,0,0,7,1,0
31,310055,1,1,1,0,181,11,5,19,23,1,4,24,0,0,99,99998,92,9999,0,0,0,1,3,0,61,1,1,4,11,20,0,20,0,0,1,9,9,2,1,114,9,8,0,0,7,11,5,2018,19,23,1923,0,0,0,0,0,1,7,1,0
31,310056,1,1,1,0,167,12,5,21,19,1,5,35,0,0,34,34042,1,2014,0,0,0,1,9,0,23,1,1,3,11,20,0,2,2,9,0,1,9,2,1,49,0,8,0,5,0,88,88,8888,88,88,8888,999,99,0,0,0,8,0,0,0
31,310056,1,1,2,0,167,12,5,21,19,1,5,35,0,0,34,34042,1,2014,0,0,0,1,9,0,22,1,2,4,13,20,0,2,1,9,0,8,9,0,0,996,8,8,0,0,7,12,5,2018,21,19,2119,0,0,0,0,0,0,7,1,0
31,310057,1,1,1,0,93,23,5,22,18,1,4,1,0,0,73,73706,80,2009,0,0,0,0,0,0,31,1,1,4,11,29,0,20,8,0,0,9,9,0,0,996,9,8,0,5,0,30,5,2018,19,30,1930,165,12,0,0,0,0,7,1,0
31,310058,1,0,1,1,55,25,5,13,0,2,5,8,0,0,NA,NA,NA,NA,NA,NA,NA,NA,NA,NA,48,1,5,4,0,96,8,97,8,0,0,0,9,0,0,996,0,8,0,5,0,25,5,2018,15,55,1555,2,55,0,0,0,0,4,1,21
31,310058,1,1,1,0,55,25,5,13,0,2,5,8,0,0,23,23401,14,2006,0,0,0,0,12,0,33,2,1,0,11,3,0,20,0,0,0,0,9,2,1,0,0,8,0,0,0,88,88,8888,88,88,8888,999,99,0,0,0,8,0,0,0
31,310059,1,1,1,0,109,26,5,0,35,1,4,35,0,0,76,76705,80,2007,0,0,0,0,12,0,29,1,1,4,11,5,0,20,8,0,0,0,9,2,1,0,0,8,0,0,7,26,5,2018,0,40,40,0,5,0,0,0,0,7,68,0
31,310060,1,1,1,0,55,26,5,16,50,2,1,42,0,0,12,12401,14,2000,0,0,0,0,12,0,21,1,1,4,11,20,0,1,0,0,1,0,9,2,1,0,0,8,2,5,0,26,5,2018,17,25,1725,0,35,0,0,0,0,7,1,0
31,310061,1,1,1,0,55,28,5,16,40,1,7,34,0,0,20,20004,2,1980,0,0,0,1,99,0,37,1,1,2,11,3,0,20,0,0,0,1,9,2,1,261,0,8,2,5,0,88,88,8888,88,88,8888,999,99,0,0,0,8,0,0,0
31,310061,1,1,2,0,55,28,5,16,40,1,7,34,0,0,20,20004,2,1980,0,0,0,1,99,0,51,1,2,4,13,20,0,20,1,9,0,8,9,0,0,996,8,8,0,5,0,29,5,2018,0,30,30,7,50,0,0,0,0,7,1,0
31,310062,1,1,1,0,109,31,5,14,50,1,4,1,0,0,14,14401,14,2003,0,0,0,2,0,0,24,1,1,4,11,20,0,20,0,0,1,9,9,2,1,0,9,8,2,5,0,1,6,2018,11,56,1156,21,6,0,0,0,0,7,1,0
31,310062,1,1,2,0,109,31,5,14,50,1,4,1,0,0,14,14401,14,2003,0,0,0,2,0,0,16,2,2,2,13,3,0,20,0,0,0,8,9,0,0,996,8,8,0,5,0,88,88,8888,88,88,8888,999,99,0,0,0,8,0,0,0
31,310063,2,1,1,0,101,3,5,12,10,1,3,12,2,0,12,12880,67,2017,0,0,0,0,12,0,26,1,1,4,11,3,0,8,0,0,1,9,9,0,0,996,9,8,0,0,7,3,5,2018,12,10,1210,0,0,0,0,0,0,7,1,0
31,310063,2,2,1,0,101,3,5,12,10,1,3,12,2,0,82,82881,66,2003,1,0,0,0,12,0,68,1,1,3,11,3,0,20,0,0,0,0,9,2,1,0,0,8,0,5,0,88,88,8888,88,88,8888,999,99,0,0,0,8,0,0,0
31,310064,2,1,1,0,159,6,5,7,25,1,1,12,6,0,20,20404,14,2005,0,0,0,0,3,0,20,2,1,3,11,3,0,1,0,0,1,0,9,2,1,0,1,8,8,5,0,88,88,8888,88,88,8888,999,99,0,0,0,8,0,0,0
31,310064,2,1,2,0,159,6,5,7,25,1,1,12,6,0,20,20404,14,2005,0,0,0,0,3,0,49,2,2,4,13,3,0,1,0,0,1,8,9,0,0,996,8,8,0,0,7,6,5,2018,7,25,725,0,0,0,0,0,0,7,1,0
31,310064,2,1,3,0,159,6,5,7,25,1,1,12,6,0,20,20404,14,2005,0,0,0,0,3,0,20,1,2,4,21,20,0,20,1,9,0,8,9,0,0,996,8,8,0,0,7,6,5,2018,7,25,725,0,0,0,0,0,0,7,1,0
31,310064,2,1,4,0,159,6,5,7,25,1,1,12,6,0,20,20404,14,2005,0,0,0,0,3,0,20,1,2,4,22,20,0,20,1,9,0,8,9,8,95,995,8,8,0,0,7,6,5,2018,7,25,725,0,0,0,0,0,0,7,1,0
31,310064,2,1,5,0,159,6,5,7,25,1,1,12,6,0,20,20404,14,2005,0,0,0,0,3,0,19,1,2,4,23,20,0,20,1,9,0,8,9,0,0,996,8,8,0,0,7,6,5,2018,7,25,725,0,0,0,0,0,0,7,1,0
31,310064,2,2,1,0,159,6,5,7,25,1,1,12,6,0,18,18023,4,2010,0,0,0,0,12,0,75,2,1,3,11,3,0,1,0,0,1,0,9,0,0,996,0,8,8,5,0,88,88,8888,88,88,8888,999,99,0,0,0,8,0,0,0
31,310065,2,1,1,0,115,8,5,15,44,1,4,12,6,0,87,87881,66,1994,1,0,0,1,12,0,62,1,1,3,11,20,0,20,0,0,0,0,9,2,1,0,0,8,2,5,0,88,88,8888,88,88,8888,999,99,0,0,0,8,0,0,0
31,310065,2,2,1,0,115,8,5,15,44,1,4,12,6,0,7,7442,20,2009,0,0,0,0,11,0,87,1,1,4,11,3,0,8,0,0,1,0,9,2,1,0,0,8,0,0,7,8,5,2018,15,44,1544,0,0,0,0,0,0,7,1,0
31,310065,2,2,2,0,115,8,5,15,44,1,4,12,6,0,7,7442,20,2009,0,0,0,0,11,0,84,2,2,4,13,20,0,8,0,0,1,8,9,0,0,996,8,8,0,0,7,8,5,2018,15,44,1544,0,0,0,0,0,0,7,1,0
31,310067,2,1,1,0,55,11,5,17,7,2,3,12,6,0,7,7026,4,2011,0,0,0,0,4,0,19,1,1,0,11,3,0,20,0,0,0,0,9,0,0,996,0,8,0,0,0,88,88,8888,88,88,8888,999,99,0,0,0,8,0,0,0
31,310067,2,1,2,0,55,11,5,17,7,2,3,12,6,0,7,7026,4,2011,0,0,0,0,4,0,998,8,2,0,13,3,0,20,0,0,0,8,9,0,0,996,8,8,0,0,0,88,88,8888,88,88,8888,999,99,0,0,0,8,0,0,0
31,310067,2,1,3,0,55,11,5,17,7,2,3,12,6,0,7,7026,4,2011,0,0,0,0,4,0,998,8,2,0,21,3,0,20,0,0,0,8,9,0,0,996,8,8,0,0,0,88,88,8888,88,88,8888,999,99,0,0,0,8,0,0,0
31,310067,2,1,4,0,55,11,5,17,7,2,3,12,6,0,7,7026,4,2011,0,0,0,0,4,0,998,8,2,0,23,3,0,20,0,0,0,8,9,0,0,996,8,8,0,0,0,88,88,8888,88,88,8888,999,99,0,0,0,8,0,0,0
31,310067,2,2,1,0,55,11,5,17,7,2,3,12,6,0,53,53704,80,2013,0,0,0,0,12,0,23,1,1,4,11,29,0,20,8,0,0,9,9,0,0,996,9,8,0,5,0,11,5,2018,20,2,2002,2,55,0,0,0,0,7,1,0
31,310068,2,1,1,0,67,16,5,13,45,1,3,12,6,0,12,12481,34,2009,0,0,0,0,12,0,47,2,1,3,11,3,0,8,0,0,0,1,9,2,1,118,0,8,0,5,0,88,88,8888,88,88,8888,999,99,0,0,0,8,0,0,0
31,310068,2,2,1,0,67,16,5,13,45,1,3,12,6,0,12,12402,14,2005,0,0,0,0,9,0,18,1,1,4,11,3,0,8,0,0,1,0,9,2,1,0,0,8,0,5,0,16,5,2018,13,49,1349,0,4,0,0,0,0,7,1,0
31,310069,2,1,1,0,121,21,5,7,5,1,4,12,2,0,7,7482,34,2014,0,0,0,0,12,0,55,1,1,3,11,3,0,8,0,0,0,0,9,2,1,0,0,8,0,5,0,88,88,8888,88,88,8888,999,99,0,0,0,8,0,0,0
31,310069,2,2,1,0,121,21,5,7,5,1,4,12,2,0,20,20037,4,2008,0,0,0,0,12,0,22,1,1,4,11,20,0,1,0,0,1,0,9,2,1,0,0,8,0,0,7,21,5,2018,7,10,710,0,5,0,0,0,0,7,1,0
31,310070,2,1,1,0,73,22,5,9,21,1,4,12,2,0,85,85881,63,2016,0,0,0,0,12,0,42,1,1,0,11,3,0,20,0,0,0,0,9,2,1,0,0,8,0,0,0,88,88,8888,88,88,8888,999,99,0,0,0,8,0,0,0
31,310070,2,2,1,0,73,22,5,9,21,1,4,12,2,0,7,7482,34,2011,0,0,0,0,12,0,73,1,1,4,11,3,0,1,0,0,1,9,9,2,1,0,9,8,0,0,7,22,5,2018,9,22,922,0,1,0,0,0,0,7,1,0
31,310071,2,1,1,0,113,24,5,11,7,1,3,12,2,0,87,87884,66,2005,1,0,0,0,12,0,45,1,1,0,11,3,0,20,0,0,0,0,9,2,1,0,0,8,0,0,0,88,88,8888,88,88,8888,999,99,0,0,0,8,0,0,0
31,310071,2,2,1,0,113,24,5,11,7,1,3,12,2,0,14,14006,4,1996,0,0,0,0,12,0,77,1,1,4,11,20,0,1,0,0,1,9,9,2,1,0,9,8,0,0,7,24,5,2018,11,7,1107,0,0,0,0,0,0,7,1,0
31,310072,2,1,1,0,179,24,5,22,45,2,4,12,6,0,53,53706,80,2001,0,0,0,0,12,1,21,1,1,4,11,29,0,20,8,0,0,9,9,2,1,0,9,8,0,5,0,24,5,2018,23,14,2314,0,29,0,0,0,0,7,1,0
31,310072,2,2,1,0,179,24,5,22,45,2,4,12,6,0,23,23401,14,2005,0,0,0,0,9,1,19,1,1,1,11,99,0,99,0,0,0,9,9,2,1,0,9,8,0,5,0,88,88,8888,88,88,8888,999,99,0,0,0,8,0,0,0
31,310073,2,1,1,0,55,28,5,17,41,2,7,12,6,0,20,20403,14,2004,0,0,0,0,12,0,24,1,1,0,11,99,0,1,0,0,0,9,9,0,0,996,9,8,0,0,0,88,88,8888,88,88,8888,999,99,0,0,0,8,0,0,0
31,310073,2,1,2,0,55,28,5,17,41,2,7,12,6,0,20,20403,14,2004,0,0,0,0,12,0,998,8,2,0,13,99,0,1,0,0,0,8,9,0,0,996,8,8,0,0,0,88,88,8888,88,88,8888,999,99,0,0,0,8,0,0,0
31,310073,2,1,3,0,55,28,5,17,41,2,7,12,6,0,20,20403,14,2004,0,0,0,0,12,0,22,2,2,1,22,99,0,20,0,0,0,8,9,0,0,996,8,8,0,0,0,88,88,8888,88,88,8888,999,99,0,0,0,8,0,0,0
31,310073,2,1,4,0,55,28,5,17,41,2,7,12,6,0,20,20403,14,2004,0,0,0,0,12,0,22,1,2,3,23,99,0,20,0,0,0,8,9,0,0,996,8,8,0,5,0,88,88,8888,88,88,8888,999,99,0,0,0,8,0,0,0
31,310073,2,2,1,0,55,28,5,17,41,2,7,12,6,0,18,18023,4,2007,0,0,0,0,3,0,18,2,1,2,11,20,0,20,0,0,0,0,9,0,0,996,0,8,0,5,0,88,88,8888,88,88,8888,999,99,0,0,0,8,0,0,0
31,310073,2,2,2,0,55,28,5,17,41,2,7,12,6,0,18,18023,4,2007,0,0,0,0,3,0,16,2,2,1,13,20,0,20,0,0,0,8,9,0,0,996,8,8,0,5,0,88,88,8888,88,88,8888,999,99,0,0,0,8,0,0,0
31,310073,2,2,3,0,55,28,5,17,41,2,7,12,6,0,18,18023,4,2007,0,0,0,0,3,0,2,1,2,4,22,20,0,20,0,0,0,8,9,8,95,995,8,8,0,5,0,29,5,2018,16,5,1605,22,24,0,0,0,0,7,2,0
31,310073,2,2,4,0,55,28,5,17,41,2,7,12,6,0,18,18023,4,2007,0,0,0,0,3,0,18,2,2,1,21,99,0,20,0,0,0,8,9,0,0,996,8,8,0,5,0,88,88,8888,88,88,8888,999,99,0,0,0,8,0,0,0
31,310073,2,2,5,0,55,28,5,17,41,2,7,12,6,0,18,18023,4,2007,0,0,0,0,3,0,5,1,2,2,23,20,0,20,0,0,0,8,9,0,0,996,8,8,0,5,0,88,88,8888,88,88,8888,999,99,0,0,0,8,0,0,0
31,310074,3,1,1,0,159,30,5,16,15,1,1,12,1,0,87,87881,66,2017,1,0,0,0,12,0,30,1,1,4,11,20,0,20,0,0,1,0,9,2,1,0,0,8,0,0,7,30,5,2018,99,99,9999,999,99,0,0,0,1,7,1,0
31,310074,3,2,1,0,159,30,5,16,15,1,1,12,1,0,42,42401,14,2010,0,0,0,0,6,0,73,1,1,2,11,3,0,20,0,0,0,0,9,2,1,0,0,8,0,0,0,88,88,8888,88,88,8888,999,99,0,0,0,8,0,0,0
31,310074,3,2,2,0,159,30,5,16,15,1,1,12,1,0,42,42401,14,2010,0,0,0,0,6,0,998,8,2,0,13,3,0,20,0,0,0,8,9,0,0,996,8,8,0,0,0,88,88,8888,88,88,8888,999,99,0,0,0,8,0,0,0
31,310074,3,3,1,0,159,30,5,16,15,1,1,12,1,0,82,82881,66,2018,2,0,0,0,12,0,53,1,1,2,11,3,0,20,0,0,0,0,9,2,1,0,0,8,0,5,0,88,88,8888,88,88,8888,999,99,0,0,0,8,0,0,0
31,310075,3,1,1,0,23,24,5,19,19,1,4,12,1,0,23,23481,34,2015,0,0,0,0,6,0,49,2,1,0,11,3,0,20,0,0,0,0,9,2,1,0,0,8,0,0,0,88,88,8888,88,88,8888,999,99,0,0,0,8,0,0,0
31,310075,3,2,1,0,23,24,5,19,19,1,4,12,1,0,32,32048,5,2008,0,0,0,0,6,0,16,2,1,2,11,3,0,1,0,0,0,0,9,2,1,0,0,8,0,5,0,88,88,8888,88,88,8888,999,99,0,0,0,8,0,0,0
31,310075,3,2,2,0,23,24,5,19,19,1,4,12,1,0,32,32048,5,2008,0,0,0,0,6,0,15,1,2,2,13,3,0,1,0,0,0,8,9,0,0,996,8,8,0,5,0,88,88,8888,88,88,8888,999,99,0,0,0,8,0,0,0
31,310075,3,2,3,0,23,24,5,19,19,1,4,12,1,0,32,32048,5,2008,0,0,0,0,6,0,15,2,2,4,23,3,0,20,0,0,1,8,9,0,0,996,8,8,0,0,7,24,5,2018,19,19,1919,0,0,0,0,0,0,7,1,0
31,310075,3,3,1,0,23,24,5,19,19,1,4,12,1,0,7,7472,34,2004,0,0,0,0,12,0,16,2,1,1,11,3,0,1,0,0,0,0,9,2,1,0,0,8,0,5,0,88,88,8888,88,88,8888,999,99,0,0,0,8,0,0,0
31,310076,1,1,1,0,83,10,6,99,99,1,4,35,0,0,23,23481,34,1991,0,0,0,1,12,0,38,1,1,4,11,20,0,20,1,9,0,1,9,2,1,316,0,8,2,0,7,10,6,2018,5,0,500,999,99,0,0,0,0,7,1,0
31,310077,1,1,1,0,53,20,6,21,0,1,7,10,0,0,7,7442,20,2002,0,0,0,0,9,0,54,2,1,4,11,20,0,1,0,0,1,9,9,2,1,0,9,8,0,5,0,20,6,2018,22,50,2250,1,50,0,0,0,0,7,1,0
31,310078,1,1,1,0,155,24,6,14,29,1,4,11,0,0,72,72706,80,2013,0,0,0,0,12,1,31,1,1,4,11,29,0,20,8,0,0,0,9,2,1,0,0,8,0,0,7,24,6,2018,14,30,1430,0,1,0,0,0,0,7,1,0
31,310079,1,0,1,1,185,6,6,6,24,1,5,8,0,0,NA,NA,NA,NA,NA,NA,NA,NA,NA,NA,55,1,5,4,0,96,8,97,8,0,0,0,9,2,1,0,0,8,0,0,7,6,6,2018,6,25,625,0,1,0,0,0,0,7,1,11
31,310079,1,1,1,0,185,6,6,6,24,1,5,8,0,0,20,20481,34,2008,0,0,0,0,12,0,32,1,1,0,11,3,0,20,0,0,0,0,9,2,1,0,0,8,0,0,0,88,88,8888,88,88,8888,999,99,0,0,0,8,0,0,0
31,310080,2,1,1,0,109,10,6,17,7,1,4,12,2,0,72,72706,80,2015,0,0,0,0,12,0,51,1,1,4,11,5,0,20,8,0,0,1,9,2,1,213,0,8,2,0,7,10,6,2018,17,7,1707,0,0,0,0,0,0,7,1,0
31,310080,2,2,1,0,109,10,6,17,7,1,4,12,2,0,12,12423,16,2003,0,0,0,0,12,0,51,1,1,2,11,3,0,1,0,0,0,0,9,2,1,0,0,8,0,0,0,88,88,8888,88,88,8888,999,99,0,0,0,8,0,0,0
31,310080,2,2,2,0,109,10,6,17,7,1,4,12,2,0,12,12423,16,2003,0,0,0,0,12,0,998,8,2,0,13,3,0,1,0,0,0,8,9,0,0,996,8,8,0,0,0,88,88,8888,88,88,8888,999,99,0,0,0,8,0,0,0
31,310080,2,2,3,0,109,10,6,17,7,1,4,12,2,0,12,12423,16,2003,0,0,0,0,12,0,998,8,2,0,21,12,0,20,0,0,0,8,9,0,0,996,8,8,0,0,0,88,88,8888,88,88,8888,999,99,0,0,0,8,0,0,0
31,310080,2,2,4,0,109,10,6,17,7,1,4,12,2,0,12,12423,16,2003,0,0,0,0,12,0,81,2,2,2,23,3,0,20,0,0,0,8,9,0,0,996,8,8,0,0,0,88,88,8888,88,88,8888,999,99,0,0,0,8,0,0,0
31,310080,2,2,5,0,109,10,6,17,7,1,4,12,2,0,12,12423,16,2003,0,0,0,0,12,0,998,8,2,0,31,12,0,20,0,0,0,8,9,0,0,996,8,8,0,0,0,88,88,8888,88,88,8888,999,99,0,0,0,8,0,0,0
31,310080,2,2,6,0,109,10,6,17,7,1,4,12,2,0,12,12423,16,2003,0,0,0,0,12,0,998,8,2,0,32,2,0,20,0,0,0,8,9,0,0,996,8,8,0,0,0,88,88,8888,88,88,8888,999,99,0,0,0,8,0,0,0
31,310080,2,2,7,0,109,10,6,17,7,1,4,12,2,0,12,12423,16,2003,0,0,0,0,12,0,998,8,2,0,33,3,0,20,0,0,0,8,9,0,0,996,8,8,0,0,0,88,88,8888,88,88,8888,999,99,0,0,0,8,0,0,0
31,310081,1,1,1,0,25,30,6,23,12,1,4,24,0,0,37,37705,80,2003,0,0,0,0,12,0,39,1,1,4,11,5,0,20,8,0,0,9,9,2,1,0,9,8,0,0,7,30,6,2018,23,14,2314,0,2,0,0,0,0,7,1,0
31,310082,1,0,1,1,55,6,6,1,7,2,6,8,0,0,NA,NA,NA,NA,NA,NA,NA,NA,NA,NA,20,2,5,4,0,96,8,97,8,0,0,1,9,2,1,99,0,8,0,5,0,6,6,2018,1,38,138,0,31,0,0,0,0,7,1,11
31,310082,1,1,1,0,55,6,6,1,7,2,6,8,0,0,99,99999,99,9999,0,0,0,0,12,0,999,9,1,0,11,99,0,99,0,0,0,9,9,0,0,996,9,8,0,0,0,88,88,8888,88,88,8888,999,99,0,0,0,8,0,0,0
31,310083,2,1,1,0,1,15,6,12,49,1,5,12,2,0,12,12037,4,2015,0,0,0,0,12,0,48,2,1,1,11,3,0,8,0,0,0,0,9,2,1,0,0,8,0,5,0,88,88,8888,88,88,8888,999,99,0,0,0,8,0,0,0
31,310083,2,2,1,0,1,15,6,12,49,1,5,12,2,0,7,7024,4,2007,0,0,0,0,12,0,22,1,1,2,11,3,0,1,0,0,0,0,9,2,1,0,0,8,0,0,0,88,88,8888,88,88,8888,999,99,0,0,0,8,0,0,0
31,310083,2,2,2,0,1,15,6,12,49,1,5,12,2,0,7,7024,4,2007,0,0,0,0,12,0,40,2,2,4,13,3,0,20,0,0,0,8,9,0,0,996,8,8,0,5,0,15,6,2018,13,27,1327,0,38,0,0,0,0,1,1,0
31,310084,1,1,1,0,29,1,7,4,0,1,7,35,0,0,98,98734,90,2013,0,0,0,1,99,0,34,1,1,3,11,17,0,20,1,3,0,1,9,2,1,50,1,8,2,5,0,88,88,8888,88,88,8888,999,99,0,0,0,8,0,0,0
31,310084,1,1,2,0,29,1,7,4,0,1,7,35,0,0,98,98734,90,2013,0,0,0,1,99,0,33,2,2,3,12,17,0,20,1,9,0,8,9,0,0,996,8,8,0,5,0,88,88,8888,88,88,8888,999,99,0,0,0,8,0,0,0
31,310084,1,1,3,0,29,1,7,4,0,1,7,35,0,0,98,98734,90,2013,0,0,0,1,99,0,33,1,2,4,13,17,0,20,1,9,0,8,9,0,0,996,8,8,0,0,7,1,7,2018,4,30,430,0,30,0,0,0,0,7,1,0
31,310085,1,0,1,1,55,3,7,21,9,2,7,8,0,0,NA,NA,NA,NA,NA,NA,NA,NA,NA,NA,49,1,5,4,0,96,8,97,8,0,0,1,9,2,1,239,0,8,2,5,0,4,7,2018,23,46,2346,26,37,0,0,0,0,7,3,11
31,310085,1,1,1,0,55,3,7,21,9,2,7,8,0,0,20,20401,14,2002,0,0,0,0,12,0,40,1,1,0,11,99,0,20,0,0,0,0,9,0,0,996,0,8,0,0,0,88,88,8888,88,88,8888,999,99,0,0,0,8,0,0,0
31,310086,1,1,1,0,25,3,7,7,40,1,7,10,0,0,84,84881,63,2007,0,0,0,0,3,0,57,1,1,4,11,99,0,20,0,0,0,0,9,0,0,996,0,8,0,0,7,3,7,2018,7,55,755,0,15,0,0,0,1,7,1,0
31,310087,1,1,1,0,159,6,7,13,11,2,4,40,0,0,7,7482,34,2017,0,0,0,0,12,0,80,1,1,4,11,20,0,8,0,0,1,0,9,2,1,0,0,8,2,5,0,6,7,2018,13,50,1350,0,39,0,0,0,0,7,1,0
31,310087,1,1,2,0,159,6,7,13,11,2,4,40,0,0,7,7482,34,2017,0,0,0,0,12,0,80,2,2,4,13,3,0,8,0,0,1,8,9,0,0,996,8,8,0,5,0,6,7,2018,20,15,2015,7,4,0,0,0,0,7,1,0
31,310088,1,1,1,0,55,8,7,6,9,2,4,33,0,0,73,73705,80,2001,0,0,0,0,12,0,33,1,1,4,11,29,0,20,8,0,0,1,9,2,1,203,0,8,2,5,0,8,7,2018,6,44,644,0,35,0,0,0,0,7,2,0
31,310089,1,1,1,0,109,9,7,99,99,1,5,1,0,0,54,54038,3,2003,0,0,0,2,0,0,33,2,1,4,11,20,0,20,1,9,0,1,9,2,1,149,0,8,0,5,0,9,7,2018,22,3,2203,999,99,0,0,0,0,7,1,0
31,310090,1,1,1,0,55,12,7,13,53,2,3,33,0,0,37,37706,80,1998,0,0,0,0,12,0,22,1,1,4,11,29,0,20,8,0,0,0,9,2,1,0,0,8,2,5,0,12,7,2018,14,18,1418,0,25,0,0,0,0,7,1,0
31,310091,1,1,1,0,1,12,7,10,12,1,7,10,0,0,23,23481,34,2005,0,0,0,0,3,0,62,1,1,4,11,20,0,20,1,9,0,0,9,2,1,0,0,8,0,0,7,12,7,2018,99,99,9999,999,99,0,0,0,0,7,1,0
31,310092,1,1,1,0,109,13,7,19,50,1,1,24,0,0,20,20403,14,2003,0,0,0,1,1,0,57,2,1,4,11,20,0,20,1,9,0,0,9,2,1,0,0,8,0,0,7,13,7,2018,19,57,1957,0,7,0,0,0,0,7,1,0
31,310092,1,1,2,0,109,13,7,19,50,1,1,24,0,0,20,20403,14,2003,0,0,0,1,1,0,53,1,2,2,13,3,0,20,0,0,0,8,9,0,0,996,8,8,0,5,0,88,88,8888,88,88,8888,999,99,0,0,0,8,0,0,0
31,310092,1,1,3,0,109,13,7,19,50,1,1,24,0,0,20,20403,14,2003,0,0,0,1,1,0,3,2,2,2,23,4,0,20,0,0,0,8,9,0,0,996,8,8,0,5,0,88,88,8888,88,88,8888,999,99,0,0,0,8,0,0,0
31,310093,1,1,1,0,169,14,7,99,99,1,7,34,0,0,98,98734,90,2014,0,0,0,1,12,0,37,1,1,4,11,29,0,20,0,0,0,0,9,2,1,0,0,8,0,0,7,14,7,2018,16,30,1630,999,99,0,0,0,0,7,1,0
31,310094,1,1,1,0,149,15,7,14,23,1,5,1,0,0,72,72706,80,2001,0,0,0,0,0,0,43,1,1,4,11,16,0,20,8,0,0,9,9,2,1,0,9,8,0,5,0,15,7,2018,14,25,1425,0,2,0,0,0,0,7,1,0
31,310095,1,1,1,0,27,16,7,99,99,1,5,1,0,0,12,12401,14,1998,0,0,0,2,0,0,26,1,1,4,11,20,0,1,1,9,0,9,9,0,0,996,9,8,0,5,0,17,7,2018,99,99,9999,999,99,0,0,0,0,7,1,0
31,310095,1,1,2,0,27,16,7,99,99,1,5,1,0,0,12,12401,14,1998,0,0,0,2,0,0,25,2,2,3,13,20,0,1,1,9,0,8,9,0,0,996,8,8,0,5,0,88,88,8888,88,88,8888,999,99,0,0,0,8,0,0,0
31,310096,1,1,1,0,55,26,7,17,42,2,2,35,0,0,73,73706,80,2010,0,0,0,0,12,0,45,1,1,4,11,29,0,20,8,0,0,0,9,2,1,0,0,8,2,5,0,26,7,2018,21,8,2108,3,26,0,0,0,0,7,1,0
31,310097,2,1,1,0,55,1,7,10,55,2,3,12,6,0,55,55033,4,2002,0,0,0,0,9,0,85,2,1,4,11,3,0,1,0,0,1,0,9,2,1,0,0,8,0,5,0,1,7,2018,11,49,1149,0,54,0,0,0,0,7,1,0
31,310097,2,2,1,0,55,1,7,10,55,2,3,12,6,0,55,55401,14,2004,0,0,0,0,12,0,70,2,1,1,11,3,0,1,0,0,0,0,9,0,0,996,0,8,0,0,0,88,88,8888,88,88,8888,999,99,0,0,0,8,0,0,0
31,310098,2,1,1,0,55,3,7,22,15,1,3,12,2,0,20,20880,67,2012,0,0,0,0,12,0,45,2,1,1,11,3,0,1,0,0,0,0,9,2,10,0,0,8,0,5,0,88,88,8888,88,88,8888,999,99,0,0,0,8,0,0,0
31,310098,2,1,2,0,55,3,7,22,15,1,3,12,2,0,20,20880,67,2012,0,0,0,0,12,0,998,8,2,0,21,12,0,20,0,0,0,8,9,0,0,996,8,8,0,0,0,88,88,8888,88,88,8888,999,99,0,0,0,8,0,0,0
31,310098,2,1,3,0,55,3,7,22,15,1,3,12,2,0,20,20880,67,2012,0,0,0,0,12,0,998,8,2,0,22,12,0,20,0,0,0,8,9,0,0,996,8,8,0,0,0,88,88,8888,88,88,8888,999,99,0,0,0,8,0,0,0
31,310098,2,1,4,0,55,3,7,22,15,1,3,12,2,0,20,20880,67,2012,0,0,0,0,12,0,998,8,2,0,23,12,0,20,0,0,0,8,9,0,0,996,8,8,0,0,0,88,88,8888,88,88,8888,999,99,0,0,0,8,0,0,0
31,310098,2,2,1,0,55,3,7,22,15,1,3,12,2,0,72,72706,80,1999,0,0,0,0,12,0,55,1,1,4,11,5,0,20,8,0,0,9,9,2,1,294,9,8,2,0,7,3,7,2018,99,99,9999,999,99,0,0,0,0,7,1,0
31,310099,2,1,1,0,1,17,7,14,40,1,7,12,6,0,37,37734,90,2012,0,0,0,0,12,0,19,1,1,4,11,17,0,20,1,9,0,0,9,2,1,0,0,8,2,5,0,17,7,2018,16,41,1641,2,1,0,0,0,0,7,1,0
31,310099,2,2,1,0,1,17,7,14,40,1,7,12,6,0,85,85884,66,2000,1,0,0,0,4,0,20,1,1,0,11,2,0,20,0,0,0,0,9,2,1,0,0,8,0,0,0,88,88,8888,88,88,8888,999,99,0,0,0,8,0,0,0
31,310100,2,1,1,0,109,13,7,19,39,1,7,12,6,0,20,20481,34,2015,0,0,0,0,12,0,25,1,1,2,11,3,0,8,0,0,0,9,9,2,1,15,9,8,0,0,0,88,88,8888,88,88,8888,999,99,0,0,0,8,0,0,0
31,310100,2,1,2,0,109,13,7,19,39,1,7,12,6,0,20,20481,34,2015,0,0,0,0,12,0,24,1,2,2,13,20,0,8,0,0,0,8,9,0,0,996,8,8,0,0,0,88,88,8888,88,88,8888,999,99,0,0,0,8,0,0,0
31,310100,2,2,1,0,109,13,7,19,39,1,7,12,6,0,20,20481,34,1993,0,0,0,0,1,0,52,1,1,3,11,20,0,20,0,0,0,9,9,2,1,0,9,8,0,5,0,88,88,8888,88,88,8888,999,99,0,0,0,8,0,0,0
31,310100,2,2,2,0,109,13,7,19,39,1,7,12,6,0,20,20481,34,1993,0,0,0,0,1,0,54,2,2,4,13,20,0,20,1,9,0,8,9,0,0,996,8,8,0,0,7,13,7,2018,19,49,1949,0,10,0,0,0,0,7,1,0
31,310101,2,1,1,0,55,2,8,22,35,2,4,12,6,0,20,20404,14,2007,0,0,0,0,1,0,17,1,1,0,11,99,0,20,0,0,0,0,9,0,0,996,0,8,0,0,0,88,88,8888,88,88,8888,999,99,0,0,0,8,0,0,0
31,310101,2,2,1,0,55,2,8,22,35,2,4,12,6,0,37,37706,80,2001,0,0,0,0,12,0,25,1,1,4,11,29,0,20,8,0,0,9,9,2,1,130,9,8,2,0,7,2,8,2018,22,48,2248,0,13,0,0,0,0,7,1,0
31,310102,2,1,1,0,141,2,8,22,0,1,4,12,2,0,6,6441,20,2006,0,0,0,0,12,0,19,2,1,2,11,3,0,1,0,0,0,0,9,2,1,0,0,8,0,5,0,88,88,8888,88,88,8888,999,99,0,0,0,8,0,0,0
31,310102,2,2,1,0,141,2,8,22,0,1,4,12,2,0,72,72706,80,2009,0,0,0,0,12,0,22,1,1,4,11,5,0,20,8,0,0,0,9,0,0,996,0,8,0,5,0,6,8,2018,21,50,2150,95,50,0,0,0,0,7,1,0
31,310103,2,1,1,0,119,12,8,16,14,1,3,12,6,0,20,20481,34,1993,0,0,0,0,9,0,75,1,1,4,11,3,0,20,0,0,1,0,9,0,0,996,0,8,0,5,0,12,8,2018,18,6,1806,1,52,0,0,0,0,7,1,0
31,310103,2,2,1,0,119,12,8,16,14,1,3,12,6,0,23,23423,15,2016,0,0,0,0,12,0,75,1,1,3,11,20,0,8,0,0,0,0,9,0,0,996,0,8,0,5,0,88,88,8888,88,88,8888,999,99,0,0,0,8,0,0,0
31,310103,2,2,2,0,119,12,8,16,14,1,3,12,6,0,23,23423,15,2016,0,0,0,0,12,0,82,2,2,3,13,3,0,8,0,0,0,8,9,0,0,996,8,8,0,5,0,88,88,8888,88,88,8888,999,99,0,0,0,8,0,0,0
31,310103,2,2,3,0,119,12,8,16,14,1,3,12,6,0,23,23423,15,2016,0,0,0,0,12,0,77,2,2,3,21,20,0,2,0,0,0,8,9,0,0,996,8,8,0,5,0,88,88,8888,88,88,8888,999,99,0,0,0,8,0,0,0
31,310103,2,2,4,0,119,12,8,16,14,1,3,12,6,0,23,23423,15,2016,0,0,0,0,12,0,74,2,2,3,23,20,0,2,0,0,0,8,9,0,0,996,8,8,0,5,0,88,88,8888,88,88,8888,999,99,0,0,0,8,0,0,0
31,310104,3,1,1,0,153,13,8,99,99,1,5,12,6,0,20,20024,6,2010,0,0,0,0,12,0,45,2,1,0,11,3,0,8,0,0,0,0,9,0,0,996,0,8,0,0,0,88,88,8888,88,88,8888,999,99,0,0,0,8,0,0,0
31,310104,3,2,1,0,153,13,8,99,99,1,5,12,6,0,20,20025,4,2018,0,0,0,0,9,0,40,2,1,0,11,3,0,8,0,0,0,0,9,0,0,996,0,8,0,0,0,88,88,8888,88,88,8888,999,99,0,0,0,8,0,0,0
31,310104,3,2,2,0,153,13,8,99,99,1,5,12,6,0,20,20025,4,2018,0,0,0,0,9,0,998,8,2,0,21,3,0,2,0,0,0,8,9,0,0,996,8,8,0,0,0,88,88,8888,88,88,8888,999,99,0,0,0,8,0,0,0
31,310104,3,3,1,0,153,13,8,99,99,1,5,12,6,0,20,20016,2,2001,0,0,0,0,12,0,62,1,1,4,11,3,0,8,0,0,1,9,9,2,1,0,9,8,2,0,7,13,8,2018,16,50,1650,999,99,0,0,0,0,7,1,0
31,310105,1,1,1,0,19,19,8,1,39,1,7,31,0,0,20,20037,4,2014,0,0,0,1,12,0,37,1,1,4,11,20,0,8,1,9,0,1,9,2,1,237,0,8,2,0,7,19,8,2018,1,39,139,0,0,0,0,0,0,1,1,0
31,310106,2,1,1,0,39,20,8,15,20,1,3,12,2,0,35,35047,4,2000,0,0,0,0,12,0,61,2,1,4,11,20,0,1,0,0,1,0,9,2,1,0,0,8,0,0,7,20,8,2018,15,20,1520,0,0,0,0,0,0,7,1,0
31,310106,2,2,1,0,39,20,8,15,20,1,3,12,2,0,2,2404,14,1999,0,0,0,0,12,0,18,1,1,3,11,3,0,99,0,0,1,0,9,2,1,0,0,8,0,5,0,88,88,8888,88,88,8888,999,99,0,0,0,8,0,0,0
31,310107,2,1,1,0,185,24,8,23,20,1,3,12,2,0,12,12003,2,1994,0,0,0,0,12,0,25,2,1,4,11,3,0,1,2,9,0,9,9,2,1,0,9,8,0,0,7,24,8,2018,23,30,2330,0,10,0,0,0,0,7,1,0
31,310107,2,2,1,0,185,24,8,23,20,1,3,12,2,0,12,12442,20,1995,0,0,0,0,12,0,41,2,1,4,11,20,0,1,0,0,0,9,9,2,1,186,9,8,0,0,7,24,8,2018,23,30,2330,0,10,0,0,0,0,7,1,0
31,310108,1,1,1,0,107,25,8,16,55,1,5,1,0,0,22,22022,4,2006,0,0,0,2,0,0,44,1,1,4,11,3,0,20,0,0,0,1,9,2,1,150,0,8,0,5,0,25,8,2018,99,99,9999,999,99,0,0,0,0,7,1,0
31,310109,1,1,1,0,47,26,8,0,10,1,7,1,0,0,12,12481,34,2004,0,0,0,2,0,0,38,1,1,4,11,20,0,20,1,9,0,0,9,2,1,172,0,8,0,0,7,26,8,2018,99,99,9999,999,99,0,0,0,0,2,1,0
31,310110,2,1,1,0,139,12,7,12,40,1,3,12,6,0,18,18024,6,2011,0,0,0,0,3,0,36,2,1,4,11,20,0,2,0,0,0,0,9,2,1,0,0,8,0,0,7,12,7,2018,99,99,9999,999,99,0,0,0,0,7,1,0
31,310110,2,1,2,0,139,12,7,12,40,1,3,12,6,0,18,18024,6,2011,0,0,0,0,3,0,2,2,2,3,21,4,0,2,0,0,0,8,9,0,0,996,8,8,0,5,0,88,88,8888,88,88,8888,999,99,0,0,0,8,0,0,0
31,310110,2,1,3,0,139,12,7,12,40,1,3,12,6,0,18,18024,6,2011,0,0,0,0,3,0,4,1,2,4,23,4,0,2,0,0,0,8,9,8,95,995,8,8,0,5,0,12,7,2018,13,52,1352,1,12,0,0,0,0,7,1,0
31,310110,2,1,4,0,139,12,7,12,40,1,3,12,6,0,18,18024,6,2011,0,0,0,0,3,0,5,2,2,3,33,20,0,2,0,0,0,8,9,0,0,996,8,8,0,5,0,88,88,8888,88,88,8888,999,99,0,0,0,8,0,0,0
31,310110,2,2,1,0,139,12,7,12,40,1,3,12,6,0,84,84881,66,1998,1,0,0,0,12,0,26,1,1,1,11,3,0,20,0,0,0,0,9,2,1,0,0,8,0,5,0,88,88,8888,88,88,8888,999,99,0,0,0,8,0,0,0
31,310111,2,1,1,0,23,14,7,6,48,1,7,12,6,0,37,37402,14,2003,0,0,0,0,9,0,57,1,1,4,11,3,0,20,0,0,1,9,9,0,0,996,9,8,0,0,7,14,7,2018,6,48,648,0,0,0,0,0,0,7,7,0
31,310111,2,2,1,0,23,14,7,6,48,1,7,12,6,0,23,23481,34,2000,0,0,0,0,12,0,28,1,1,1,11,20,0,8,0,0,0,0,9,2,1,0,0,8,0,0,0,88,88,8888,88,88,8888,999,99,0,0,0,8,0,0,0
31,310112,2,1,1,0,25,3,6,9,32,1,1,12,1,0,76,76706,80,2007,0,0,0,0,12,0,47,1,1,4,11,29,0,20,8,0,0,9,9,0,0,996,9,8,0,0,7,3,6,2018,9,32,932,0,0,0,0,0,0,7,1,0
31,310112,2,2,1,0,25,3,6,9,32,1,1,12,1,0,84,84881,66,2016,1,0,0,0,6,0,25,1,1,0,11,98,0,20,0,0,0,0,9,2,1,0,0,8,0,0,0,88,88,8888,88,88,8888,999,99,0,0,0,8,0,0,0
31,310113,2,1,1,0,123,26,7,10,50,1,3,12,2,0,2,2404,14,2007,0,0,0,1,12,0,71,1,1,4,11,20,0,8,0,0,0,0,9,2,1,0,0,8,0,0,7,26,7,2018,99,99,9999,999,99,0,0,0,0,7,1,0
31,310113,2,2,1,0,123,26,7,10,50,1,3,12,2,0,87,87884,66,2017,1,0,0,0,12,0,18,1,1,0,11,3,0,20,0,0,0,0,9,2,1,0,0,8,0,0,0,88,88,8888,88,88,8888,999,99,0,0,0,8,0,0,0
31,310114,2,1,1,0,67,7,7,19,20,1,7,12,6,0,53,53702,83,2001,0,0,0,0,12,0,22,1,1,4,11,17,0,20,8,0,0,9,9,0,0,996,9,8,0,5,0,10,7,2018,18,28,1828,71,8,0,0,0,0,7,1,0
31,310114,2,2,1,0,67,7,7,19,20,1,7,12,6,0,23,23481,34,2014,0,0,0,0,11,0,27,1,1,0,11,99,0,20,0,0,0,0,9,2,2,0,0,8,0,0,0,88,88,8888,88,88,8888,999,99,0,0,0,8,0,0,0
31,310115,1,1,1,0,185,14,9,99,99,1,7,1,0,0,76,76734,90,2011,0,0,0,2,0,0,57,1,1,4,11,17,0,20,0,0,0,1,9,0,0,996,0,8,0,5,0,15,9,2018,3,9,309,999,99,0,0,0,0,7,1,0
31,310116,2,1,1,0,21,27,7,13,10,1,4,12,6,0,12,12481,34,2008,0,0,0,0,12,0,82,1,1,3,11,99,0,1,0,0,0,0,9,2,1,0,0,8,2,5,0,88,88,8888,88,88,8888,999,99,0,0,0,8,0,0,0
31,310116,2,2,1,0,21,27,7,13,10,1,4,12,6,0,41,41035,5,2002,0,0,0,1,11,0,39,2,1,4,11,99,0,1,0,0,1,9,9,2,1,0,9,8,2,0,7,27,7,2018,13,11,1311,0,1,0,0,0,0,7,3,0
31,310117,2,1,1,0,79,31,7,8,14,2,3,12,6,0,12,12481,34,1994,0,0,0,0,12,0,58,1,1,2,11,3,0,1,0,0,0,0,9,0,0,996,0,8,0,0,0,88,88,8888,88,88,8888,999,99,0,0,0,8,0,0,0
31,310117,2,2,1,0,79,31,7,8,14,2,3,12,6,0,37,37032,4,2000,0,0,0,0,9,0,85,1,1,4,11,20,0,1,0,0,0,0,9,0,0,996,0,8,0,5,0,31,7,2018,18,48,1848,10,34,0,0,0,0,7,1,0
31,310118,1,1,1,0,35,18,5,99,99,1,5,1,0,0,82,82881,66,2005,1,0,0,2,0,0,62,1,1,4,11,99,0,20,1,9,0,0,9,2,1,0,0,8,8,5,0,18,5,2018,13,43,1343,999,99,0,0,0,1,7,1,0
31,310119,4,1,1,0,159,6,5,10,0,1,1,12,1,0,84,84881,66,2018,1,0,0,0,12,1,33,1,1,4,11,3,0,20,0,0,0,0,9,0,0,996,0,8,0,5,0,6,5,2018,10,10,1010,0,10,0,0,0,1,7,1,0
31,310119,4,1,2,0,159,6,5,10,0,1,1,12,1,0,84,84881,66,2018,1,0,0,0,12,1,30,1,2,2,50,20,0,20,0,0,0,8,9,0,0,996,8,8,0,5,0,88,88,8888,88,88,8888,999,99,0,0,0,8,0,0,0
31,310119,4,2,1,0,159,6,5,10,0,1,1,12,1,0,51,51881,66,2018,1,0,0,0,6,0,48,2,1,1,11,3,0,20,0,0,0,0,9,0,0,996,0,8,0,5,0,88,88,8888,88,88,8888,999,99,0,0,0,8,0,0,0
31,310119,4,3,1,0,159,6,5,10,0,1,1,12,1,0,7,7482,34,2003,0,0,0,0,6,0,36,1,1,1,11,3,0,8,0,0,0,0,9,0,0,996,0,8,0,5,0,88,88,8888,88,88,8888,999,99,0,0,0,8,0,0,0
31,310119,4,4,1,0,159,6,5,10,0,1,1,12,1,0,51,51881,66,2018,1,0,0,0,6,0,37,1,1,0,11,3,0,20,0,0,0,0,9,0,0,996,0,8,0,0,0,88,88,8888,88,88,8888,999,99,0,0,0,8,0,0,0
31,310120,4,1,1,0,153,25,6,15,57,1,4,31,0,0,18,18441,20,2007,0,0,0,0,12,0,44,1,1,4,11,3,0,20,0,0,0,0,9,2,1,0,0,8,2,0,7,25,6,2018,99,99,9999,999,99,0,0,0,0,7,1,0
31,310120,4,1,2,0,153,25,6,15,57,1,4,31,0,0,18,18441,20,2007,0,0,0,0,12,0,38,2,2,4,13,3,0,20,1,9,0,8,9,0,0,996,8,8,0,0,7,25,6,2018,99,99,9999,999,99,0,0,0,0,7,1,0
31,310120,4,1,3,0,153,25,6,15,57,1,4,31,0,0,18,18441,20,2007,0,0,0,0,12,0,5,1,2,3,23,4,0,20,0,0,0,8,9,0,0,996,8,8,0,5,0,88,88,8888,88,88,8888,999,99,0,0,0,8,0,0,0
31,310120,4,2,1,0,153,25,6,15,57,1,4,31,0,0,6,6441,20,2010,0,0,0,0,11,0,34,2,1,0,11,3,0,20,0,0,0,0,9,2,1,0,0,8,0,0,0,88,88,8888,88,88,8888,999,99,0,0,0,8,0,0,0
31,310120,4,2,2,0,153,25,6,15,57,1,4,31,0,0,6,6441,20,2010,0,0,0,0,11,0,998,8,2,0,21,12,0,20,0,0,0,8,9,0,0,996,8,8,0,0,0,88,88,8888,88,88,8888,999,99,0,0,0,8,0,0,0
31,310120,4,2,3,0,153,25,6,15,57,1,4,31,0,0,6,6441,20,2010,0,0,0,0,11,0,998,8,2,0,23,3,0,20,0,0,0,8,9,0,0,996,8,8,0,0,0,88,88,8888,88,88,8888,999,99,0,0,0,8,0,0,0
31,310120,4,3,1,0,153,25,6,15,57,1,4,31,0,0,20,20481,34,2016,0,0,0,0,12,0,41,2,1,2,11,3,0,8,0,0,0,0,9,2,1,0,0,8,0,5,0,88,88,8888,88,88,8888,999,99,0,0,0,8,0,0,0
31,310120,4,4,1,0,153,25,6,15,57,1,4,31,0,0,12,12401,14,2017,0,0,0,0,12,0,61,2,1,0,11,3,0,20,0,0,0,0,9,2,1,0,0,8,0,0,0,88,88,8888,88,88,8888,999,99,0,0,0,8,0,0,0
31,310121,2,1,1,0,109,29,6,13,30,2,3,12,6,0,59,59403,14,2005,0,0,0,0,2,0,78,2,1,4,11,3,0,1,0,0,0,0,9,0,0,996,0,8,0,5,0,8,7,2018,9,35,935,212,5,0,0,0,0,7,1,0
31,310121,2,2,1,0,109,29,6,13,30,2,3,12,6,0,18,18405,14,2017,0,0,0,0,12,0,60,1,1,2,11,3,0,8,0,0,0,0,9,0,0,996,0,8,0,5,0,88,88,8888,88,88,8888,999,99,0,0,0,8,0,0,0
31,310121,2,2,2,0,109,29,6,13,30,2,3,12,6,0,18,18405,14,2017,0,0,0,0,12,0,63,2,2,3,13,3,0,8,0,0,0,8,9,0,0,996,8,8,0,5,0,88,88,8888,88,88,8888,999,99,0,0,0,8,0,0,0
31,310122,4,1,1,0,55,16,8,22,38,2,3,12,7,0,7,7422,15,2005,0,0,0,0,9,0,24,2,1,2,11,99,0,20,0,0,0,1,9,2,1,134,0,8,0,5,0,88,88,8888,88,88,8888,999,99,0,0,0,8,0,0,0
31,310122,4,1,2,0,55,16,8,22,38,2,3,12,7,0,7,7422,15,2005,0,0,0,0,9,0,998,8,2,0,13,99,0,20,0,0,0,8,9,0,0,996,8,8,0,0,0,88,88,8888,88,88,8888,999,99,0,0,0,8,0,0,0
31,310122,4,1,3,0,55,16,8,22,38,2,3,12,7,0,7,7422,15,2005,0,0,0,0,9,0,998,8,2,0,21,20,0,20,0,0,0,8,9,0,0,996,8,8,0,0,0,88,88,8888,88,88,8888,999,99,0,0,0,8,0,0,0
31,310122,4,2,1,0,55,16,8,22,38,2,3,12,7,0,55,55421,15,2008,0,0,0,0,3,0,39,2,1,0,11,3,0,20,0,0,0,0,9,0,0,996,0,8,0,0,0,88,88,8888,88,88,8888,999,99,0,0,0,8,0,0,0
31,310122,4,3,1,0,55,16,8,22,38,2,3,12,7,0,37,37031,4,2010,0,0,0,0,3,0,29,1,1,0,11,3,0,20,0,0,0,0,9,0,0,996,0,8,0,0,0,88,88,8888,88,88,8888,999,99,0,0,0,8,0,0,0
31,310122,4,4,1,0,55,16,8,22,38,2,3,12,7,0,98,98706,80,2018,0,0,0,0,99,0,46,1,1,4,11,29,0,20,8,0,0,9,9,2,1,0,9,8,2,0,7,16,8,2018,22,44,2244,0,6,0,0,0,0,7,1,0
31,310123,3,1,1,0,153,30,8,16,52,2,3,12,6,0,14,14006,4,2003,0,0,0,0,9,0,89,1,1,4,11,3,0,1,0,0,0,9,9,2,1,0,9,8,2,5,0,30,8,2018,22,22,2222,5,30,0,0,0,0,7,1,0
31,310123,3,2,1,0,153,30,8,16,52,2,3,12,6,0,20,20481,34,2015,0,0,0,0,12,0,54,2,1,1,11,3,0,8,0,0,0,9,9,2,1,0,9,8,0,5,0,88,88,8888,88,88,8888,999,99,0,0,0,8,0,0,0
31,310123,3,3,1,0,153,30,8,16,52,2,3,12,6,0,49,49442,20,2017,0,0,0,0,9,0,37,1,1,0,11,3,0,20,0,0,0,0,9,0,0,996,0,8,0,0,0,88,88,8888,88,88,8888,999,99,0,0,0,8,0,0,0
31,310123,3,3,2,0,153,30,8,16,52,2,3,12,6,0,49,49442,20,2017,0,0,0,0,9,0,998,8,2,0,21,3,0,20,0,0,0,8,9,0,0,996,8,8,0,0,0,88,88,8888,88,88,8888,999,99,0,0,0,8,0,0,0
31,310123,3,3,3,0,153,30,8,16,52,2,3,12,6,0,49,49442,20,2017,0,0,0,0,9,0,998,8,2,0,21,4,0,20,0,0,0,8,9,0,0,996,8,8,0,0,0,88,88,8888,88,88,8888,999,99,0,0,0,8,0,0,0
31,310124,2,1,1,0,185,4,9,13,34,2,3,12,6,0,41,41051,5,2013,0,0,0,0,11,0,65,1,1,1,11,3,0,1,0,0,0,0,9,0,0,996,0,8,0,5,0,88,88,8888,88,88,8888,999,99,0,0,0,8,0,0,0
31,310124,2,1,2,0,185,4,9,13,34,2,3,12,6,0,41,41051,5,2013,0,0,0,0,11,0,69,2,2,3,13,3,0,1,0,0,0,8,9,0,0,996,8,8,0,5,0,88,88,8888,88,88,8888,999,99,0,0,0,8,0,0,0
31,310124,2,2,1,0,185,4,9,13,34,2,3,12,6,0,18,18007,4,2001,0,0,0,0,12,0,91,2,1,4,11,3,0,1,0,0,0,0,9,0,0,996,0,8,0,5,0,11,9,2018,1,11,111,155,37,0,0,0,0,7,1,0
31,310125,1,1,1,0,109,5,9,18,0,2,4,5,0,0,12,12481,34,2015,0,0,0,0,0,0,31,1,1,0,11,99,0,20,0,0,0,1,9,2,1,93,0,8,0,0,0,88,88,8888,88,88,8888,999,99,0,0,0,8,0,0,0
31,310125,1,1,2,0,109,5,9,18,0,2,4,5,0,0,12,12481,34,2015,0,0,0,0,0,0,25,2,2,4,13,20,0,20,0,0,0,8,9,2,1,149,8,8,2,5,0,5,9,2018,20,20,2020,2,20,0,0,0,0,7,1,0
31,310126,1,1,1,0,79,6,9,99,99,1,3,1,0,0,69,69054,3,2008,0,0,0,2,0,0,29,1,1,4,11,3,0,8,2,9,0,0,9,2,1,145,0,8,0,0,7,6,9,2018,8,14,814,999,99,0,0,0,0,7,1,0
31,310127,2,1,1,0,55,7,9,7,30,1,4,11,0,0,29,29005,14,2017,0,0,0,0,12,0,37,1,1,0,11,99,0,20,0,0,0,0,9,0,0,996,0,8,0,0,0,88,88,8888,88,88,8888,999,99,0,0,0,8,0,0,0
31,310127,2,2,1,0,55,7,9,7,30,1,4,11,0,0,20,20037,4,2016,0,0,0,0,12,0,35,2,1,4,11,99,0,20,0,0,0,0,9,0,0,996,0,8,0,5,0,8,9,2018,10,34,1034,27,4,0,0,0,0,7,1,0
31,310127,2,2,2,0,55,7,9,7,30,1,4,11,0,0,20,20037,4,2016,0,0,0,0,12,0,28,1,2,2,13,99,0,20,0,0,0,8,9,0,0,996,8,8,0,2,0,88,88,8888,88,88,8888,999,99,0,0,0,8,0,0,0
31,310128,1,1,1,0,161,8,9,17,41,1,7,35,0,0,20,20401,14,2002,0,0,0,1,12,0,15,1,1,4,11,20,0,20,2,9,0,0,9,2,1,0,0,8,0,0,7,8,9,2018,99,99,9999,999,99,0,0,0,0,7,1,0
31,310128,1,1,2,0,161,8,9,17,41,1,7,35,0,0,20,20401,14,2002,0,0,0,1,12,0,17,1,2,2,13,20,0,20,0,0,0,8,9,0,0,996,8,8,0,5,0,88,88,8888,88,88,8888,999,99,0,0,0,8,0,0,0
31,310129,1,0,1,1,39,12,9,8,17,2,3,8,0,0,NA,NA,NA,NA,NA,NA,NA,NA,NA,NA,86,1,5,4,0,96,8,97,8,0,0,0,9,2,1,0,0,8,0,5,0,12,9,2018,8,38,838,0,21,0,0,0,0,7,1,11
31,310129,1,1,1,0,39,12,9,8,17,2,3,8,0,0,12,12481,34,2012,0,0,0,0,12,0,29,1,1,0,11,3,0,20,0,0,0,0,9,2,1,0,0,8,0,0,0,88,88,8888,88,88,8888,999,99,0,0,0,8,0,0,0
31,310129,1,1,2,0,39,12,9,8,17,2,3,8,0,0,12,12481,34,2012,0,0,0,0,12,0,998,8,2,0,23,4,0,20,0,0,0,8,9,0,0,996,8,8,0,0,0,88,88,8888,88,88,8888,999,99,0,0,0,8,0,0,0
31,310130,1,1,1,0,25,12,9,14,19,1,1,38,0,0,37,37039,5,2007,0,0,0,0,12,0,31,2,1,4,11,3,0,20,0,0,0,9,9,0,0,996,9,8,2,0,7,12,9,2018,14,32,1432,0,13,0,0,0,0,7,1,0
31,310131,1,1,1,0,179,13,9,99,99,1,4,1,0,0,18,18002,4,2005,0,0,0,2,0,0,22,1,1,4,11,99,0,20,1,9,0,9,9,2,1,333,9,8,2,0,7,99,9,2018,99,99,9999,999,99,0,0,0,0,7,1,0
31,310132,2,1,1,0,53,14,9,12,51,2,2,12,6,0,12,12481,34,2010,0,0,0,0,12,0,30,1,1,4,11,99,0,8,0,0,0,0,9,2,1,83,0,8,0,0,7,14,9,2018,12,51,1251,0,0,0,0,0,0,7,1,0
31,310132,2,1,2,0,53,14,9,12,51,2,2,12,6,0,12,12481,34,2010,0,0,0,0,12,0,4,2,2,3,21,4,0,20,0,0,0,8,9,0,0,996,8,8,0,5,0,88,88,8888,88,88,8888,999,99,0,0,0,8,0,0,0
31,310132,2,1,3,0,53,14,9,12,51,2,2,12,6,0,12,12481,34,2010,0,0,0,0,12,0,3,1,2,2,23,4,0,20,0,0,0,8,9,0,0,996,8,8,0,5,0,88,88,8888,88,88,8888,999,99,0,0,0,8,0,0,0
31,310132,2,2,1,0,53,14,9,12,51,2,2,12,6,0,85,85884,63,2017,0,0,0,1,9,0,58,1,1,2,11,3,0,20,0,0,0,0,9,2,1,0,0,8,0,5,0,88,88,8888,88,88,8888,999,99,0,0,0,8,0,0,0
31,310133,1,1,1,0,31,14,9,15,0,1,3,1,0,0,37,37706,80,1994,1,0,0,0,0,0,66,1,1,4,11,5,0,20,8,0,0,0,9,0,0,996,0,8,0,0,7,14,9,2018,15,9,1509,0,9,0,0,0,0,7,1,0
31,310133,1,1,2,0,31,14,9,15,0,1,3,1,0,0,37,37706,80,1994,1,0,0,0,0,0,70,2,2,4,21,5,0,20,8,0,0,8,9,0,0,996,8,8,0,0,7,14,9,2018,15,9,1509,0,9,0,0,0,0,7,1,0
31,310134,2,1,1,0,1,19,9,13,40,1,5,12,6,0,7,7026,4,2013,0,0,0,0,3,0,20,1,1,3,11,3,0,8,0,0,0,0,9,2,1,0,1,8,0,5,0,88,88,8888,88,88,8888,999,99,0,0,0,8,0,0,0
31,310134,2,1,2,0,1,19,9,13,40,1,5,12,6,0,7,7026,4,2013,0,0,0,0,3,0,19,2,2,4,13,3,0,8,0,0,0,8,9,0,0,996,8,8,0,5,0,19,9,2018,16,45,1645,3,5,0,0,0,0,1,1,0
31,310134,2,1,3,0,1,19,9,13,40,1,5,12,6,0,7,7026,4,2013,0,0,0,0,3,0,18,1,2,3,21,99,0,20,0,0,0,8,9,0,0,996,8,8,0,5,0,88,88,8888,88,88,8888,999,99,0,0,0,8,0,0,0
31,310134,2,1,4,0,1,19,9,13,40,1,5,12,6,0,7,7026,4,2013,0,0,0,0,3,0,19,1,2,4,23,99,0,20,0,0,0,8,9,0,0,996,8,8,0,5,0,19,9,2018,16,45,1645,3,5,0,0,0,0,4,1,0
31,310134,2,2,1,0,1,19,9,13,40,1,5,12,6,0,35,35402,14,2004,0,0,0,0,12,0,18,1,1,3,11,99,0,1,0,0,0,0,9,2,1,0,1,8,0,5,0,88,88,8888,88,88,8888,999,99,0,0,0,8,0,0,0
31,310135,2,1,1,0,101,20,9,5,41,1,1,12,1,0,55,55033,4,2006,0,0,0,0,12,0,39,2,1,1,11,20,0,1,0,0,0,0,9,2,1,0,0,8,0,5,0,88,88,8888,88,88,8888,999,99,0,0,0,8,0,0,0
31,310135,2,1,2,0,101,20,9,5,41,1,1,12,1,0,55,55033,4,2006,0,0,0,0,12,0,39,1,2,4,13,20,0,1,0,0,0,8,9,0,0,996,8,8,0,0,7,20,9,2018,99,99,9999,999,99,0,0,0,0,7,1,0
31,310135,2,2,1,0,101,20,9,5,41,1,1,12,1,0,99,99999,99,9999,1,99,9,0,6,0,999,9,1,0,11,99,0,99,0,0,0,9,9,0,0,996,9,8,0,0,0,88,88,8888,88,88,8888,999,99,0,0,0,8,0,0,0
31,310136,1,1,1,0,101,21,9,10,16,1,1,18,0,0,72,72706,80,2014,0,0,0,0,12,0,71,1,1,4,11,5,0,20,8,0,0,0,9,2,1,0,0,8,0,5,0,21,9,2018,11,10,1110,0,54,0,0,0,0,7,1,0
31,310137,2,1,1,0,185,22,9,19,54,2,3,12,6,0,12,12023,4,2014,0,0,0,0,1,0,63,2,1,2,11,3,0,8,0,0,0,0,9,2,1,0,0,8,2,5,0,88,88,8888,88,88,8888,999,99,0,0,0,8,0,0,0
31,310137,2,2,1,0,185,22,9,19,54,2,3,12,6,0,18,18024,6,2012,0,0,0,0,11,0,94,2,1,4,11,3,0,20,0,0,0,0,9,2,1,0,0,8,2,5,0,23,9,2018,5,50,550,9,56,0,0,0,0,7,1,0
31,310138,1,1,1,0,109,23,9,1,12,2,1,25,0,0,12,12402,14,2013,0,0,0,0,9,0,22,2,1,4,11,20,0,20,0,0,0,1,9,0,0,996,0,8,0,0,7,23,9,2018,1,31,131,0,19,0,0,0,0,4,1,0
31,310138,1,1,2,0,109,23,9,1,12,2,1,25,0,0,12,12402,14,2013,0,0,0,0,9,0,19,2,2,3,13,20,0,1,0,0,0,8,9,0,0,996,8,8,0,5,0,88,88,8888,88,88,8888,999,99,0,0,0,8,0,0,0
31,310139,1,1,1,0,55,23,9,23,38,2,7,42,0,0,49,49038,4,1992,0,0,0,0,12,0,26,1,1,4,11,20,0,20,0,0,0,1,9,2,1,242,0,8,2,0,7,23,9,2018,23,38,2338,0,0,0,0,0,0,4,98,0
31,310140,1,0,1,1,25,23,9,2,32,1,1,8,0,0,NA,NA,NA,NA,NA,NA,NA,NA,NA,NA,46,1,5,4,0,96,8,97,8,0,0,9,9,0,0,996,9,8,0,0,7,23,9,2018,2,48,248,0,16,0,0,0,0,1,1,11
31,310140,1,1,1,0,25,23,9,2,32,1,1,8,0,0,13,13421,15,2008,0,0,0,0,12,0,25,1,1,0,11,3,0,1,0,0,0,0,9,2,1,0,0,8,0,0,0,88,88,8888,88,88,8888,999,99,0,0,0,8,0,0,0
31,310141,1,0,1,1,55,26,9,19,4,2,3,8,0,0,NA,NA,NA,NA,NA,NA,NA,NA,NA,NA,55,1,5,4,0,96,8,97,8,0,0,0,9,2,1,83,0,8,2,5,0,26,9,2018,22,6,2206,3,2,0,0,0,0,7,1,11
31,310141,1,1,1,0,55,26,9,19,4,2,3,8,0,0,6,6441,20,2002,0,0,0,0,12,0,49,1,1,0,11,3,0,20,0,0,0,0,9,0,0,996,0,8,0,0,0,88,88,8888,88,88,8888,999,99,0,0,0,8,0,0,0
31,310142,1,1,1,0,35,27,9,10,20,1,7,10,0,0,98,98998,92,2004,0,0,0,0,5,0,60,1,1,4,11,20,0,20,1,9,0,0,9,2,1,0,0,8,0,0,7,27,9,2018,10,20,1020,0,0,0,0,0,1,7,1,0
31,310143,2,1,1,0,55,28,9,13,0,1,4,1,0,0,51,51881,63,2018,0,0,0,0,12,0,55,1,1,0,11,20,0,1,0,0,0,0,9,0,0,996,0,8,0,0,0,88,88,8888,88,88,8888,999,99,0,0,0,8,0,0,0
31,310143,2,2,1,0,55,28,9,13,0,1,4,1,0,0,86,86881,63,2000,0,0,0,2,0,0,26,1,1,4,11,3,0,20,0,0,1,0,9,2,1,0,0,8,2,0,7,28,9,2018,13,25,1325,0,25,0,0,0,1,7,2,0
31,310143,2,2,2,0,55,28,9,13,0,1,4,1,0,0,86,86881,63,2000,0,0,0,2,0,0,54,1,2,4,13,2,0,20,0,0,1,8,9,0,0,996,8,8,0,0,7,28,9,2018,13,25,1325,0,25,0,0,0,1,1,1,0
31,310144,1,1,1,0,55,30,9,1,36,2,5,42,0,0,52,52034,4,2003,0,0,0,0,6,0,21,1,1,4,11,3,0,20,0,0,0,9,9,0,0,996,9,8,0,5,0,30,9,2018,2,15,215,0,39,0,0,0,0,7,1,0
31,310144,1,1,2,0,55,30,9,1,36,2,5,42,0,0,52,52034,4,2003,0,0,0,0,6,0,20,2,2,3,13,3,0,20,0,0,0,8,9,0,0,996,8,8,0,5,0,88,88,8888,88,88,8888,999,99,0,0,0,8,0,0,0
31,310144,1,1,3,0,55,30,9,1,36,2,5,42,0,0,52,52034,4,2003,0,0,0,0,6,0,22,2,2,4,21,99,0,20,0,0,0,8,9,0,0,996,8,8,0,0,7,30,9,2018,2,1,201,0,25,0,0,0,0,7,1,0
31,310145,2,1,1,0,89,6,10,5,9,1,3,12,2,0,52,52472,34,2007,0,0,0,0,12,0,23,1,1,4,11,20,0,20,0,0,1,9,9,2,1,0,9,8,2,0,7,6,10,2018,5,9,509,0,0,0,0,0,0,7,1,0
31,310145,2,1,2,0,89,6,10,5,9,1,3,12,2,0,52,52472,34,2007,0,0,0,0,12,0,23,2,2,3,13,20,0,20,0,0,0,8,9,0,0,996,8,8,0,5,0,88,88,8888,88,88,8888,999,99,0,0,0,8,0,0,0
31,310145,2,2,1,0,89,6,10,5,9,1,3,12,2,0,82,82881,66,2000,1,0,0,0,12,0,65,1,1,0,11,3,0,20,0,0,0,9,9,2,1,0,9,8,0,0,0,88,88,8888,88,88,8888,999,99,0,0,0,8,0,0,0
31,310146,2,1,1,0,55,8,10,9,45,2,3,12,6,0,63,63441,20,2003,0,0,0,0,12,0,24,1,1,1,11,20,0,1,0,0,0,0,9,0,0,996,0,8,0,2,0,88,88,8888,88,88,8888,999,99,0,0,0,8,0,0,0
31,310146,2,2,1,0,55,8,10,9,45,2,3,12,6,0,37,37031,2,2003,0,0,0,0,9,0,25,2,1,4,11,3,0,1,0,0,0,0,9,2,1,0,0,8,2,5,0,8,10,2018,11,25,1125,1,40,0,0,0,0,7,1,0
31,310147,1,0,1,1,57,9,10,19,42,1,3,8,0,0,NA,NA,NA,NA,NA,NA,NA,NA,NA,NA,23,1,5,4,0,96,8,97,8,0,0,1,9,0,0,996,0,8,0,0,7,9,10,2018,99,99,9999,999,99,0,0,0,0,7,1,11
31,310147,1,1,1,0,57,9,10,19,42,1,3,8,0,0,12,12481,34,1999,0,0,0,0,12,0,23,2,1,0,11,3,0,20,0,0,0,0,9,2,1,0,0,8,0,0,0,88,88,8888,88,88,8888,999,99,0,0,0,8,0,0,0
31,310148,2,1,1,0,145,9,10,10,45,1,3,12,2,0,20,20032,4,1993,0,0,0,0,12,0,72,1,1,4,11,20,0,1,0,0,1,1,9,0,0,996,0,8,0,0,7,9,10,2018,10,45,1045,0,0,0,0,0,0,7,1,0
31,310148,2,1,2,0,145,9,10,10,45,1,3,12,2,0,20,20032,4,1993,0,0,0,0,12,0,64,2,2,4,13,20,0,20,0,0,1,8,9,0,0,996,8,8,0,0,7,9,10,2018,10,45,1045,0,0,0,0,0,0,7,1,0
31,310148,2,2,1,0,145,9,10,10,45,1,3,12,2,0,82,82881,66,2014,1,0,0,0,12,0,46,1,1,0,11,3,0,20,0,0,0,1,9,2,1,0,0,8,0,0,0,88,88,8888,88,88,8888,999,99,0,0,0,8,0,0,0
31,310149,1,1,1,0,55,12,10,4,36,2,7,30,0,0,35,35047,4,2005,0,0,0,1,3,0,17,1,1,4,11,20,0,20,0,0,1,1,9,2,1,217,0,8,0,0,7,12,10,2018,99,99,9999,999,99,0,0,0,0,7,1,0
31,310150,2,1,1,0,157,9,10,16,14,1,3,12,6,0,7,7020,4,2005,0,0,0,0,9,0,82,2,1,4,11,20,0,1,0,0,1,0,9,2,1,0,0,8,0,0,7,9,10,2018,16,24,1624,0,10,0,0,0,0,7,1,0
31,310150,2,2,1,0,157,9,10,16,14,1,3,12,6,0,12,12016,4,2001,0,0,0,0,12,0,47,1,1,3,11,3,0,1,0,0,0,0,9,2,1,0,0,8,0,5,0,88,88,8888,88,88,8888,999,99,0,0,0,8,0,0,0
31,310151,1,0,1,1,1,14,10,3,40,2,4,8,0,0,NA,NA,NA,NA,NA,NA,NA,NA,NA,NA,27,1,5,4,0,96,8,97,8,0,0,1,9,0,0,996,0,8,0,5,0,14,10,2018,4,0,400,0,20,0,0,0,0,7,1,2
31,310151,1,1,1,0,1,14,10,3,40,2,4,8,0,0,49,49402,14,2008,0,0,0,0,12,0,46,1,1,0,11,3,0,20,0,0,0,1,9,2,1,165,0,8,0,0,0,88,88,8888,88,88,8888,999,99,0,0,0,8,0,0,0
31,310152,1,1,1,0,19,20,10,2,40,1,7,1,0,0,23,23401,14,1999,0,0,0,2,0,0,32,1,1,4,11,20,0,20,1,9,0,1,9,0,0,996,0,8,0,5,0,20,10,2018,3,30,330,0,50,0,0,0,0,7,1,0
31,310153,2,1,1,0,55,27,10,20,20,2,7,12,8,0,6,6051,4,2002,0,0,0,0,9,0,41,2,1,4,11,20,0,1,0,0,0,9,9,2,1,130,9,8,2,5,0,27,10,2018,21,4,2104,0,44,0,0,0,0,7,1,0
31,310153,2,2,1,0,55,27,10,20,20,2,7,12,8,0,7,7028,2,2009,0,0,0,0,3,0,38,1,1,0,11,99,0,20,0,0,0,0,9,0,0,996,0,8,0,0,0,88,88,8888,88,88,8888,999,99,0,0,0,8,0,0,0
31,310153,2,2,2,0,55,27,10,20,20,2,7,12,8,0,7,7028,2,2009,0,0,0,0,3,0,998,8,2,0,13,99,0,20,0,0,0,8,9,0,0,996,8,8,0,0,0,88,88,8888,88,88,8888,999,99,0,0,0,8,0,0,0
31,310154,2,1,1,0,1,28,10,19,49,1,3,12,6,0,7,7482,34,2011,0,0,0,0,11,0,78,1,1,4,11,3,0,8,0,0,0,0,9,2,1,163,0,8,0,5,0,28,10,2018,20,40,2040,0,51,0,0,0,0,7,1,0
31,310154,2,2,1,0,1,28,10,19,49,1,3,12,6,0,12,12481,34,2012,0,0,0,0,12,0,19,2,1,1,11,3,0,8,0,0,0,0,9,2,1,0,0,8,0,5,0,88,88,8888,88,88,8888,999,99,0,0,0,8,0,0,0
31,310155,1,1,1,0,45,31,10,99,99,1,6,1,0,0,22,22022,4,2006,0,0,0,2,0,0,21,2,1,4,11,20,0,1,1,9,0,1,9,2,1,188,0,8,0,0,7,31,10,2018,8,15,815,999,99,0,0,0,0,7,1,0
31,310155,1,1,2,0,45,31,10,99,99,1,6,1,0,0,22,22022,4,2006,0,0,0,2,0,0,32,1,2,4,13,20,0,20,1,9,0,8,9,0,0,996,8,8,0,5,0,31,10,2018,9,16,916,999,99,0,0,0,0,7,1,0
31,310156,3,1,1,0,39,11,9,7,48,1,3,12,1,0,35,35403,14,2013,0,0,0,0,6,0,28,2,1,1,11,3,0,1,0,0,0,0,9,2,1,0,0,8,0,6,0,88,88,8888,88,88,8888,999,99,0,0,0,8,0,0,0
31,310156,3,2,1,0,39,11,9,7,48,1,3,12,1,0,20,20481,34,2010,0,0,0,0,12,0,19,1,1,3,11,20,0,8,0,0,0,0,9,2,1,0,0,8,0,5,0,88,88,8888,88,88,8888,999,99,0,0,0,8,0,0,0
31,310156,3,3,1,0,39,11,9,7,48,1,3,12,1,0,55,55035,4,2017,0,0,0,0,12,0,28,2,1,4,11,3,0,8,0,0,0,0,9,2,1,21,0,8,2,5,0,11,9,2018,8,41,841,0,53,0,0,0,0,7,1,0
31,310157,2,1,1,0,47,16,10,1,50,1,4,12,6,0,18,18421,15,2017,0,0,0,0,12,0,37,2,1,0,11,3,0,8,0,0,0,1,9,2,1,159,0,8,0,0,0,88,88,8888,88,88,8888,999,99,0,0,0,8,0,0,0
31,310157,2,2,1,0,47,16,10,1,50,1,4,12,6,0,20,20036,2,2004,0,0,0,0,3,0,20,2,1,3,11,3,0,1,0,0,0,1,9,2,1,104,0,8,0,5,0,88,88,8888,88,88,8888,999,99,0,0,0,8,0,0,0
31,310157,2,2,2,0,47,16,10,1,50,1,4,12,6,0,20,20036,2,2004,0,0,0,0,3,0,27,2,2,4,13,3,0,1,0,0,0,8,9,0,0,996,8,8,0,0,7,16,10,2018,2,0,200,0,10,0,0,0,0,7,1,0
31,310157,2,2,3,0,47,16,10,1,50,1,4,12,6,0,20,20036,2,2004,0,0,0,0,3,0,18,2,2,3,21,20,0,20,1,9,0,8,9,0,0,996,8,8,0,5,0,88,88,8888,88,88,8888,999,99,0,0,0,8,0,0,0
31,310157,2,2,4,0,47,16,10,1,50,1,4,12,6,0,20,20036,2,2004,0,0,0,0,3,0,18,2,2,4,22,20,0,20,1,9,0,8,9,0,0,996,8,8,0,0,7,16,10,2018,2,0,200,0,10,0,0,0,0,7,1,0
31,310157,2,2,5,0,47,16,10,1,50,1,4,12,6,0,20,20036,2,2004,0,0,0,0,3,0,20,1,2,4,23,20,0,20,1,9,0,8,9,0,0,996,8,8,0,0,7,16,10,2018,2,0,200,0,10,0,0,0,0,7,1,0
31,310158,27,1,1,0,81,29,4,17,4,1,1,12,1,0,12,12481,34,2010,0,0,0,0,6,0,32,2,1,3,11,3,0,20,0,0,0,0,9,0,0,996,0,8,0,6,0,88,88,8888,88,88,8888,999,99,0,0,0,8,0,0,0
31,310158,27,2,1,0,81,29,4,17,4,1,1,12,1,0,12,12481,34,2016,0,0,0,0,12,0,72,1,1,0,11,3,0,1,0,0,0,0,9,0,0,996,0,8,0,0,0,88,88,8888,88,88,8888,999,99,0,0,0,8,0,0,0
31,310158,27,2,2,0,81,29,4,17,4,1,1,12,1,0,12,12481,34,2016,0,0,0,0,12,0,998,8,2,0,13,3,0,8,0,0,0,8,9,0,0,996,8,8,0,0,0,88,88,8888,88,88,8888,999,99,0,0,0,8,0,0,0
31,310158,27,3,1,0,81,29,4,17,4,1,1,12,1,0,18,18023,4,2011,0,0,0,0,12,0,71,2,1,3,11,3,0,1,0,0,1,0,9,0,0,996,0,8,0,5,0,88,88,8888,88,88,8888,999,99,0,0,0,8,0,0,0
31,310158,27,3,2,0,81,29,4,17,4,1,1,12,1,0,18,18023,4,2011,0,0,0,0,12,0,70,1,2,3,13,3,0,1,0,0,1,8,9,0,0,996,8,8,0,5,0,88,88,8888,88,88,8888,999,99,0,0,0,8,0,0,0
31,310158,27,4,1,0,81,29,4,17,4,1,1,12,1,0,82,82881,66,2014,1,0,0,1,12,0,36,1,1,0,11,3,0,20,0,0,0,0,9,0,0,996,0,8,0,0,0,88,88,8888,88,88,8888,999,99,0,0,0,8,0,0,0
31,310158,27,4,2,0,81,29,4,17,4,1,1,12,1,0,82,82881,66,2014,1,0,0,1,12,0,998,8,2,0,13,3,0,20,0,0,0,8,9,0,0,996,8,8,0,0,0,88,88,8888,88,88,8888,999,99,0,0,0,8,0,0,0
31,310158,27,5,1,0,81,29,4,17,4,1,1,12,1,0,2,2404,14,1999,0,0,0,0,12,0,28,2,1,2,11,3,0,20,0,0,0,0,9,0,0,996,0,8,0,0,0,88,88,8888,88,88,8888,999,99,0,0,0,8,0,0,0
31,310158,27,5,2,0,81,29,4,17,4,1,1,12,1,0,2,2404,14,1999,0,0,0,0,12,0,998,8,2,0,13,3,0,20,0,0,0,8,9,0,0,996,8,8,0,0,0,88,88,8888,88,88,8888,999,99,0,0,0,8,0,0,0
31,310158,27,6,1,0,81,29,4,17,4,1,1,12,1,0,37,37441,20,2002,0,0,0,0,12,0,46,2,1,0,11,1,0,20,0,0,0,0,9,0,0,996,0,8,0,0,0,88,88,8888,88,88,8888,999,99,0,0,0,8,0,0,0
31,310158,27,7,1,0,81,29,4,17,4,1,1,12,1,0,49,49402,14,2014,0,0,0,0,6,0,81,1,1,4,11,3,0,2,0,0,0,0,9,0,0,996,0,8,0,5,0,29,4,2018,22,57,2257,5,53,0,0,0,0,7,1,0
31,310158,27,7,2,0,81,29,4,17,4,1,1,12,1,0,49,49402,14,2014,0,0,0,0,6,0,69,2,2,3,13,3,0,2,0,0,0,8,9,0,0,996,8,8,0,5,0,88,88,8888,88,88,8888,999,99,0,0,0,8,0,0,0
31,310158,27,8,1,0,81,29,4,17,4,1,1,12,1,0,12,12422,15,2009,0,0,0,0,12,0,43,2,1,0,11,3,0,20,0,0,0,0,9,0,0,996,0,8,0,0,0,88,88,8888,88,88,8888,999,99,0,0,0,8,0,0,0
31,310158,27,9,1,0,81,29,4,17,4,1,1,12,1,0,35,35402,14,2005,0,0,0,0,99,0,31,1,1,0,11,3,0,1,0,0,0,0,9,0,0,996,0,8,0,0,0,88,88,8888,88,88,8888,999,99,0,0,0,8,0,0,0
31,310158,27,9,2,0,81,29,4,17,4,1,1,12,1,0,35,35402,14,2005,0,0,0,0,99,0,28,2,2,1,13,3,0,1,0,0,0,8,9,0,0,996,8,8,0,5,0,88,88,8888,88,88,8888,999,99,0,0,0,8,0,0,0
31,310158,27,10,1,0,81,29,4,17,4,1,1,12,1,0,2,2422,15,2017,0,0,0,0,3,0,58,2,1,0,11,3,0,20,0,0,0,8,9,0,0,996,8,8,0,0,0,88,88,8888,88,88,8888,999,99,0,0,0,8,0,0,0
31,310158,27,11,1,0,81,29,4,17,4,1,1,12,1,0,6,6441,20,2010,0,0,0,0,6,0,30,1,1,1,11,3,0,20,0,0,0,0,9,0,0,996,0,8,0,0,0,88,88,8888,88,88,8888,999,99,0,0,0,8,0,0,0
31,310158,27,11,2,0,81,29,4,17,4,1,1,12,1,0,6,6441,20,2010,0,0,0,0,6,0,998,8,2,0,13,3,0,20,0,0,0,8,9,0,0,996,8,8,0,0,0,88,88,8888,88,88,8888,999,99,0,0,0,8,0,0,0
31,310158,27,11,3,0,81,29,4,17,4,1,1,12,1,0,6,6441,20,2010,0,0,0,0,6,0,998,8,2,0,23,4,0,20,0,0,0,8,9,0,0,996,8,8,0,0,0,88,88,8888,88,88,8888,999,99,0,0,0,8,0,0,0
31,310158,27,12,1,0,81,29,4,17,4,1,1,12,1,0,49,49402,14,2013,0,0,0,0,6,0,32,2,1,2,11,3,0,20,0,0,0,0,9,0,0,996,0,8,0,5,0,88,88,8888,88,88,8888,999,99,0,0,0,8,0,0,0
31,310158,27,13,1,0,81,29,4,17,4,1,1,12,1,0,48,48403,14,2017,0,0,0,0,6,0,49,1,1,0,11,3,0,20,0,0,0,0,9,0,0,996,0,8,0,0,0,88,88,8888,88,88,8888,999,99,0,0,0,8,0,0,0
31,310158,27,14,1,0,81,29,4,17,4,1,1,12,1,0,7,7482,34,2006,0,0,0,0,12,0,60,1,1,0,11,3,0,20,0,0,0,0,9,0,0,996,0,8,0,0,0,88,88,8888,88,88,8888,999,99,0,0,0,8,0,0,0
31,310158,27,15,1,0,81,29,4,17,4,1,1,12,1,0,12,12402,14,2009,0,0,0,0,12,0,20,2,1,1,11,3,0,20,0,0,0,0,9,0,0,996,0,8,0,6,0,88,88,8888,88,88,8888,999,99,0,0,0,8,0,0,0
31,310158,27,15,2,0,81,29,4,17,4,1,1,12,1,0,12,12402,14,2009,0,0,0,0,12,0,18,2,2,1,13,3,0,20,0,0,0,8,9,0,0,996,8,8,0,6,0,88,88,8888,88,88,8888,999,99,0,0,0,8,0,0,0
31,310158,27,15,3,0,81,29,4,17,4,1,1,12,1,0,12,12402,14,2009,0,0,0,0,12,0,21,2,2,1,21,3,0,20,0,0,0,8,9,0,0,996,8,8,0,6,0,88,88,8888,88,88,8888,999,99,0,0,0,8,0,0,0
31,310158,27,16,1,0,81,29,4,17,4,1,1,12,1,0,37,37402,14,2012,0,0,0,0,6,0,66,2,1,0,11,3,0,20,0,0,0,0,9,0,0,996,0,8,0,0,0,88,88,8888,88,88,8888,999,99,0,0,0,8,0,0,0
31,310158,27,16,2,0,81,29,4,17,4,1,1,12,1,0,37,37402,14,2012,0,0,0,0,6,0,69,1,2,1,13,3,0,20,0,0,0,8,9,0,0,996,8,8,0,5,0,88,88,8888,88,88,8888,999,99,0,0,0,8,0,0,0
31,310158,27,17,1,0,81,29,4,17,4,1,1,12,1,0,20,20422,15,2009,0,0,0,0,12,0,61,1,1,0,11,3,0,2,0,0,0,0,9,0,0,996,0,8,0,0,0,88,88,8888,88,88,8888,999,99,0,0,0,8,0,0,0
31,310158,27,17,2,0,81,29,4,17,4,1,1,12,1,0,20,20422,15,2009,0,0,0,0,12,0,998,8,2,0,13,3,0,2,0,0,0,8,9,0,0,996,8,8,0,0,0,88,88,8888,88,88,8888,999,99,0,0,0,8,0,0,0
31,310158,27,18,1,0,81,29,4,17,4,1,1,12,1,0,6,6018,4,2012,0,0,0,0,12,0,49,1,1,0,11,3,0,20,0,0,0,0,9,0,0,996,0,8,0,0,0,88,88,8888,88,88,8888,999,99,0,0,0,8,0,0,0
31,310158,27,18,2,0,81,29,4,17,4,1,1,12,1,0,6,6018,4,2012,0,0,0,0,12,0,998,8,2,0,13,3,0,20,0,0,0,8,9,0,0,996,8,8,0,0,0,88,88,8888,88,88,8888,999,99,0,0,0,8,0,0,0
31,310158,27,18,3,0,81,29,4,17,4,1,1,12,1,0,6,6018,4,2012,0,0,0,0,12,0,998,8,2,0,21,3,0,20,0,0,0,8,9,0,0,996,8,8,0,0,0,88,88,8888,88,88,8888,999,99,0,0,0,8,0,0,0
31,310158,27,18,4,0,81,29,4,17,4,1,1,12,1,0,6,6018,4,2012,0,0,0,0,12,0,998,8,2,0,23,3,0,20,0,0,0,8,9,0,0,996,8,8,0,0,0,88,88,8888,88,88,8888,999,99,0,0,0,8,0,0,0
31,310158,27,19,1,0,81,29,4,17,4,1,1,12,1,0,63,63034,4,2015,0,0,0,0,6,0,21,1,1,0,11,99,0,20,0,0,0,9,9,0,0,996,9,8,0,0,0,88,88,8888,88,88,8888,999,99,0,0,0,8,0,0,0
31,310158,27,20,1,0,81,29,4,17,4,1,1,12,1,0,35,35043,4,2012,0,0,0,0,12,0,23,1,1,0,11,99,0,20,0,0,0,0,9,0,0,996,0,8,0,0,0,88,88,8888,88,88,8888,999,99,0,0,0,8,0,0,0
31,310158,27,21,1,0,81,29,4,17,4,1,1,12,1,0,12,12023,4,2010,0,0,0,0,6,0,18,2,1,0,11,99,0,20,0,0,0,0,9,0,0,996,0,8,0,0,0,88,88,8888,88,88,8888,999,99,0,0,0,8,0,0,0
31,310158,27,22,1,0,81,29,4,17,4,1,1,12,1,0,20,20024,6,2010,0,0,0,0,6,0,41,1,1,0,11,3,0,20,0,0,0,0,9,0,0,996,0,8,0,0,0,88,88,8888,88,88,8888,999,99,0,0,0,8,0,0,0
31,310158,27,22,2,0,81,29,4,17,4,1,1,12,1,0,20,20024,6,2010,0,0,0,0,6,0,998,8,2,0,13,3,0,20,0,0,0,8,9,0,0,996,8,8,0,0,0,88,88,8888,88,88,8888,999,99,0,0,0,8,0,0,0
31,310158,27,22,3,0,81,29,4,17,4,1,1,12,1,0,20,20024,6,2010,0,0,0,0,6,0,998,8,2,0,23,3,0,20,0,0,0,8,9,0,0,996,8,8,0,0,0,88,88,8888,88,88,8888,999,99,0,0,0,8,0,0,0
31,310158,27,23,1,0,81,29,4,17,4,1,1,12,1,0,7,7482,34,2012,0,0,0,0,12,0,62,2,1,0,11,99,0,99,0,0,0,0,9,0,0,996,0,8,0,0,0,88,88,8888,88,88,8888,999,99,0,0,0,8,0,0,0
31,310158,27,24,1,0,81,29,4,17,4,1,1,12,1,0,12,12481,34,2007,0,0,0,0,12,0,46,1,1,0,11,3,0,20,0,0,0,0,9,0,0,996,0,8,0,0,0,88,88,8888,88,88,8888,999,99,0,0,0,8,0,0,0
31,310158,27,25,1,0,81,29,4,17,4,1,1,12,1,0,49,49403,14,2017,0,0,0,0,6,0,45,2,1,0,11,3,0,20,0,0,0,0,9,0,0,996,0,8,0,0,0,88,88,8888,88,88,8888,999,99,0,0,0,8,0,0,0
31,310158,27,26,1,0,81,29,4,17,4,1,1,12,1,0,6,6441,20,2014,0,0,0,0,6,0,29,1,1,0,11,3,0,20,0,0,0,0,9,0,0,996,0,8,0,0,0,88,88,8888,88,88,8888,999,99,0,0,0,8,0,0,0
31,310158,27,27,1,0,81,29,4,17,4,1,1,12,1,0,51,51881,66,2017,1,0,0,0,12,0,44,1,1,0,11,99,0,20,0,0,0,0,9,0,0,996,0,8,0,0,0,88,88,8888,88,88,8888,999,99,0,0,0,8,0,0,0
31,310159,3,1,1,0,179,19,9,14,3,1,4,12,1,0,20,20881,62,1998,0,0,0,0,12,0,28,1,1,0,11,20,0,20,0,0,0,9,9,2,1,0,9,8,0,0,0,88,88,8888,88,88,8888,999,99,0,0,0,8,0,0,0
31,310159,3,2,1,0,179,19,9,14,3,1,4,12,1,0,49,49043,4,1999,0,0,0,0,12,0,20,1,1,3,11,20,0,8,0,0,0,9,9,2,1,0,9,8,0,5,0,88,88,8888,88,88,8888,999,99,0,0,0,8,0,0,0
31,310159,3,3,1,0,179,19,9,14,3,1,4,12,1,0,2,2001,6,2009,0,0,0,1,6,0,39,2,1,3,11,99,0,8,1,9,0,9,9,2,1,0,9,8,0,1,0,88,88,8888,88,88,8888,999,99,0,0,0,8,0,0,0
31,310159,3,3,2,0,179,19,9,14,3,1,4,12,1,0,2,2001,6,2009,0,0,0,1,6,0,40,1,2,4,13,99,0,8,1,9,0,8,9,0,0,996,8,8,0,0,7,19,9,2018,14,3,1403,0,0,0,0,0,0,7,1,0
31,310160,1,1,1,0,55,8,10,11,53,2,2,14,0,0,21,21023,4,2001,0,0,0,0,9,0,18,2,1,4,11,3,0,20,0,0,0,0,9,0,0,996,0,8,0,5,0,8,10,2018,14,27,1427,2,34,0,0,0,0,7,1,0
31,310160,1,2,1,0,55,8,10,11,53,2,2,14,0,0,12,12017,4,2014,0,0,0,0,6,0,20,1,3,0,11,3,0,2,0,0,0,0,9,0,0,996,0,8,0,0,0,88,88,8888,88,88,8888,999,99,0,0,0,8,0,0,0
31,310160,1,2,2,0,55,8,10,11,53,2,2,14,0,0,12,12017,4,2014,0,0,0,0,6,0,998,8,3,0,13,3,0,2,0,0,0,8,9,0,0,996,8,8,0,0,0,88,88,8888,88,88,8888,999,99,0,0,0,8,0,0,0
31,310160,1,3,1,0,55,8,10,11,53,2,2,14,0,0,12,12037,4,2010,0,0,0,0,6,0,53,1,3,0,11,3,0,20,0,0,0,8,9,0,0,996,8,8,0,0,0,88,88,8888,88,88,8888,999,99,0,0,0,8,0,0,0
31,310160,1,4,1,0,55,8,10,11,53,2,2,14,0,0,20,20403,14,2004,0,0,0,0,6,0,19,1,3,0,11,20,0,20,0,0,0,8,9,0,0,996,8,8,0,0,0,88,88,8888,88,88,8888,999,99,0,0,0,8,0,0,0
31,310161,3,1,1,0,55,13,10,19,35,2,4,12,2,0,20,20481,34,2017,0,0,0,0,12,0,28,1,1,1,11,3,0,8,0,0,0,1,9,2,1,80,0,8,0,0,0,88,88,8888,88,88,8888,999,99,0,0,0,8,0,0,0
31,310161,3,2,1,0,55,13,10,19,35,2,4,12,2,0,52,52039,3,1995,0,0,0,0,12,0,21,1,1,4,11,3,0,1,0,0,1,9,9,0,0,996,9,8,0,0,7,13,10,2018,19,51,1951,0,16,0,0,0,0,7,1,0
31,310161,3,2,2,0,55,13,10,19,35,2,4,12,2,0,52,52039,3,1995,0,0,0,0,12,0,21,1,2,4,13,3,0,1,0,0,1,8,9,0,0,996,8,8,0,5,0,18,10,2018,15,16,1516,115,41,0,0,0,0,7,1,0
31,310161,3,3,1,0,55,13,10,19,35,2,4,12,2,0,20,20471,34,2003,0,0,0,0,5,0,62,1,1,0,11,99,0,20,0,0,0,0,9,0,0,996,0,8,0,0,0,88,88,8888,88,88,8888,999,99,0,0,0,8,0,0,0
31,310162,3,1,1,0,59,24,9,12,53,1,5,12,1,0,20,20020,4,2000,0,0,0,0,12,0,83,2,1,4,11,3,0,1,0,0,1,0,9,2,1,0,0,8,2,0,7,24,9,2018,13,5,1305,0,12,0,0,0,0,7,1,0
31,310162,3,2,1,0,59,24,9,12,53,1,5,12,1,0,85,85881,66,2005,1,0,0,0,12,0,27,1,1,1,11,3,0,20,0,0,0,9,9,2,1,0,9,8,2,5,0,88,88,8888,88,88,8888,999,99,0,0,0,8,0,0,0
31,310162,3,3,1,0,59,24,9,12,53,1,5,12,1,0,98,98998,92,9999,0,0,0,0,6,0,62,1,1,3,11,20,0,20,1,9,0,0,9,2,1,0,0,8,0,5,0,88,88,8888,88,88,8888,999,99,0,0,0,8,0,0,0
31,310163,1,1,1,0,119,15,10,7,19,1,2,42,0,0,12,12017,4,2014,0,0,0,0,12,0,58,2,1,4,11,20,0,1,0,0,0,9,9,0,0,996,9,8,0,5,0,15,10,2018,7,23,723,0,4,0,0,0,0,7,1,0
31,310164,2,1,1,0,131,21,10,19,12,1,3,12,6,0,18,18402,14,2006,0,0,0,0,12,0,54,1,1,0,11,99,0,1,0,0,0,1,9,2,1,82,0,8,0,0,0,88,88,8888,88,88,8888,999,99,0,0,0,8,0,0,0
31,310164,2,2,1,0,131,21,10,19,12,1,3,12,6,0,20,20471,34,2004,0,0,0,0,3,0,39,1,1,2,11,3,0,1,0,0,0,0,9,2,1,0,0,8,2,5,0,88,88,8888,88,88,8888,999,99,0,0,0,8,0,0,0
31,310164,2,2,2,0,131,21,10,19,12,1,3,12,6,0,20,20471,34,2004,0,0,0,0,3,0,32,2,2,4,13,3,0,1,0,0,0,8,9,0,0,996,8,8,0,0,7,21,10,2018,19,18,1918,0,6,0,0,0,0,7,1,0
31,310164,2,2,3,0,131,21,10,19,12,1,3,12,6,0,20,20471,34,2004,0,0,0,0,3,0,15,2,2,4,23,3,0,20,0,0,0,8,9,0,0,996,8,8,0,5,0,21,10,2018,20,47,2047,1,35,0,0,0,0,7,1,0
31,310165,2,1,1,0,71,22,10,16,36,1,4,12,2,0,18,18421,15,2015,0,0,0,0,12,0,59,2,1,2,11,98,0,98,0,0,0,9,9,2,1,0,9,8,0,5,0,88,88,8888,88,88,8888,999,99,0,0,0,8,0,0,0
31,310165,2,2,1,0,71,22,10,16,36,1,4,12,2,0,49,49040,4,2008,0,0,0,1,12,0,24,2,1,4,11,98,0,98,0,0,1,9,9,2,1,0,9,8,2,5,0,22,10,2018,17,22,1722,0,46,0,0,0,0,7,1,0
31,310165,2,2,2,0,71,22,10,16,36,1,4,12,2,0,49,49040,4,2008,0,0,0,1,12,0,4,2,2,1,99,98,0,98,0,0,0,8,9,0,0,996,8,8,0,5,0,88,88,8888,88,88,8888,999,99,0,0,0,8,0,0,0
31,310165,2,2,3,0,71,22,10,16,36,1,4,12,2,0,49,49040,4,2008,0,0,0,1,12,0,3,2,2,2,99,98,0,98,0,0,0,8,9,0,0,996,8,8,0,5,0,88,88,8888,88,88,8888,999,99,0,0,0,8,0,0,0
31,310166,2,1,1,0,41,23,10,11,18,1,4,12,6,0,85,85881,66,2006,1,0,0,1,83,0,66,1,1,0,11,3,0,20,0,0,0,0,9,2,1,0,0,8,0,0,0,88,88,8888,88,88,8888,999,99,0,0,0,8,0,0,0
31,310166,2,1,2,0,41,23,10,11,18,1,4,12,6,0,85,85881,66,2006,1,0,0,1,83,0,998,8,2,0,13,3,0,20,0,0,0,8,9,0,0,996,8,8,0,0,0,88,88,8888,88,88,8888,999,99,0,0,0,8,0,0,0
31,310166,2,2,1,0,41,23,10,11,18,1,4,12,6,0,7,7880,67,2005,0,0,0,0,12,0,43,1,1,3,11,3,0,20,0,0,1,0,9,2,1,0,0,8,0,5,0,88,88,8888,88,88,8888,999,99,0,0,0,8,0,0,0
31,310166,2,2,2,0,41,23,10,11,18,1,4,12,6,0,7,7880,67,2005,0,0,0,0,12,0,23,1,2,4,13,20,0,20,0,0,1,8,9,0,0,996,8,8,0,0,7,23,10,2018,11,18,1118,0,0,0,0,0,0,7,1,0
31,310167,2,1,1,0,109,26,10,22,35,2,3,12,6,0,7,7024,4,2016,0,0,0,0,12,0,29,1,1,1,11,99,0,8,0,0,0,0,9,2,1,0,1,8,0,5,0,88,88,8888,88,88,8888,999,99,0,0,0,8,0,0,0
31,310167,2,1,2,0,109,26,10,22,35,2,3,12,6,0,7,7024,4,2016,0,0,0,0,12,0,26,1,2,1,13,3,0,1,0,0,0,8,9,0,0,996,8,8,0,5,0,88,88,8888,88,88,8888,999,99,0,0,0,8,0,0,0
31,310167,2,1,3,0,109,26,10,22,35,2,3,12,6,0,7,7024,4,2016,0,0,0,0,12,0,25,1,2,2,21,3,0,20,0,0,0,8,9,0,0,996,8,8,0,5,0,88,88,8888,88,88,8888,999,99,0,0,0,8,0,0,0
31,310167,2,2,1,0,109,26,10,22,35,2,3,12,6,0,49,49032,4,2005,0,0,0,0,9,0,19,2,1,2,11,3,0,8,0,0,0,0,9,2,1,0,0,8,0,5,0,88,88,8888,88,88,8888,999,99,0,0,0,8,0,0,0
31,310167,2,2,2,0,109,26,10,22,35,2,3,12,6,0,49,49032,4,2005,0,0,0,0,9,0,18,1,2,3,21,3,0,20,0,0,0,8,9,0,0,996,8,8,0,5,0,88,88,8888,88,88,8888,999,99,0,0,0,8,0,0,0
31,310167,2,2,3,0,109,26,10,22,35,2,3,12,6,0,49,49032,4,2005,0,0,0,0,9,0,20,1,2,4,23,3,0,20,0,0,0,8,9,0,0,996,8,8,0,0,7,26,10,2018,22,35,2235,0,0,0,0,0,0,7,1,0
31,310168,1,1,1,0,147,28,10,99,99,1,5,35,0,0,23,23481,34,2004,0,0,0,1,12,0,36,1,1,4,11,20,0,20,1,9,0,1,9,2,1,206,0,8,2,0,7,28,10,2018,99,99,9999,999,99,0,0,0,0,7,1,0
31,310169,3,1,1,0,55,31,10,8,43,2,3,12,2,0,12,12402,14,2004,0,0,0,0,12,0,49,1,1,4,11,20,0,1,0,0,0,9,9,0,0,996,9,8,2,0,7,31,10,2018,8,55,855,0,12,0,0,0,0,7,1,0
31,310169,3,2,1,0,55,31,10,8,43,2,3,12,2,0,20,20481,34,2001,0,0,0,0,12,0,44,1,1,3,11,3,0,1,0,0,0,0,9,0,0,996,0,8,0,5,0,88,88,8888,88,88,8888,999,99,0,0,0,8,0,0,0
31,310169,3,3,1,0,55,31,10,8,43,2,3,12,2,0,30,30040,4,2015,0,0,0,0,11,0,25,1,1,1,11,3,0,1,0,0,0,0,9,0,0,996,0,8,0,0,0,88,88,8888,88,88,8888,999,99,0,0,0,8,0,0,0
31,310169,3,3,2,0,55,31,10,8,43,2,3,12,2,0,30,30040,4,2015,0,0,0,0,11,0,25,2,2,1,13,3,0,1,0,0,0,8,9,0,0,996,8,8,0,0,0,88,88,8888,88,88,8888,999,99,0,0,0,8,0,0,0
31,310170,1,1,1,0,109,4,11,99,99,2,4,43,0,0,52,52047,6,2005,0,0,0,0,12,0,38,2,1,4,11,99,0,20,0,0,0,1,9,2,1,161,9,8,2,0,7,4,11,2018,1,13,113,999,99,0,0,0,0,7,1,0
31,310170,1,1,2,0,109,4,11,99,99,2,4,43,0,0,52,52047,6,2005,0,0,0,0,12,0,15,2,2,3,13,99,0,20,0,0,0,8,9,0,0,996,8,8,0,5,0,88,88,8888,88,88,8888,999,99,0,0,0,8,0,0,0
31,310171,1,1,1,0,123,7,11,99,99,1,3,35,0,0,12,12481,34,2006,0,0,0,1,12,0,80,1,1,4,11,98,0,20,0,0,0,9,9,0,0,996,9,8,0,5,0,8,11,2018,2,35,235,999,99,0,0,0,0,7,1,0
31,310171,1,1,2,0,123,7,11,99,99,1,3,35,0,0,12,12481,34,2006,0,0,0,1,12,0,80,2,2,3,99,98,0,20,1,9,0,8,9,0,0,996,8,8,0,5,0,88,88,8888,88,88,8888,999,99,0,0,0,8,0,0,0
31,310172,1,1,1,0,47,10,11,99,99,1,1,1,0,0,7,7026,4,2008,0,0,0,2,0,0,18,2,1,4,11,20,0,8,1,9,0,1,9,2,1,120,0,8,0,0,7,10,11,2018,3,30,330,999,99,0,0,0,0,7,1,0
31,310172,1,1,2,0,47,10,11,99,99,1,1,1,0,0,7,7026,4,2008,0,0,0,2,0,0,18,2,2,3,13,20,0,8,1,9,0,8,9,0,0,996,8,8,0,5,0,88,88,8888,88,88,8888,999,99,0,0,0,8,0,0,0
31,310173,1,1,1,0,67,15,11,99,99,1,7,1,0,0,12,12017,4,1999,0,0,0,2,0,0,44,1,1,4,11,20,0,20,1,9,0,1,9,2,1,296,0,8,0,0,7,15,11,2018,0,40,40,999,99,0,0,0,0,7,1,0
31,310174,1,1,1,0,105,15,11,6,11,1,3,34,0,0,20,20002,4,2007,0,0,0,1,12,0,40,1,1,4,11,20,0,20,1,9,0,9,9,2,1,0,9,8,0,0,7,15,11,2018,99,99,9999,999,99,0,0,0,0,7,1,0
31,310175,1,1,1,0,119,16,11,99,99,1,5,34,0,0,7,7482,34,2003,0,0,0,1,12,0,60,1,1,4,11,20,0,20,1,9,0,1,9,2,1,47,0,8,0,0,7,16,11,2018,5,15,515,999,99,0,0,0,0,7,1,0
31,310176,1,1,1,0,137,18,11,15,45,1,4,34,0,0,23,23481,34,1988,0,0,0,1,99,0,18,1,1,4,11,20,0,20,1,9,0,1,9,2,1,0,0,8,0,0,7,18,11,2018,15,45,1545,0,0,0,0,0,0,7,1,0
31,310177,1,0,1,1,19,20,11,20,3,1,6,8,0,0,NA,NA,NA,NA,NA,NA,NA,NA,NA,NA,18,1,5,4,0,96,8,97,8,0,0,9,9,0,0,996,9,8,0,5,0,20,11,2018,20,30,2030,0,27,0,0,0,0,7,1,11
31,310177,1,1,1,0,19,20,11,20,3,1,6,8,0,0,20,20032,4,2000,0,0,0,0,12,0,46,1,1,0,11,20,0,20,0,0,0,9,9,2,1,0,9,8,0,0,0,88,88,8888,88,88,8888,999,99,0,0,0,8,0,0,0
31,310178,2,1,1,0,143,2,11,19,0,1,7,12,6,0,20,20421,15,1999,0,0,0,0,11,0,22,1,1,3,11,20,0,8,1,9,0,1,9,2,1,0,0,8,0,5,0,88,88,8888,88,88,8888,999,99,0,0,0,8,0,0,0
31,310178,2,2,1,0,143,2,11,19,0,1,7,12,6,0,20,20471,34,2001,0,0,0,1,12,0,61,1,1,4,11,20,0,8,0,0,0,0,9,2,1,0,0,8,2,0,7,2,11,2018,19,20,1920,0,20,0,0,0,0,7,1,0
31,310179,2,1,1,0,55,16,11,13,37,1,5,12,2,0,20,20028,4,2015,0,0,0,0,12,0,59,2,1,4,11,3,0,1,0,0,0,0,9,0,0,996,0,8,0,0,7,16,11,2018,99,99,9999,999,99,0,0,0,0,7,1,0
31,310179,2,2,1,0,55,16,11,13,37,1,5,12,2,0,85,85884,63,2013,0,0,0,0,12,0,66,1,1,0,11,3,0,20,0,0,0,0,9,2,1,0,0,8,0,0,0,88,88,8888,88,88,8888,999,99,0,0,0,8,0,0,0
31,310180,2,1,1,0,153,6,11,14,27,1,4,12,6,0,49,49040,4,2005,0,0,0,0,12,0,76,1,1,4,11,20,0,8,0,0,0,9,9,2,1,0,9,8,2,5,0,6,11,2018,16,0,1600,1,33,0,0,0,0,7,1,0
31,310180,2,2,1,0,153,6,11,14,27,1,4,12,6,0,20,20481,34,2000,1,0,0,0,5,0,73,1,1,0,11,99,0,20,0,0,0,0,9,2,1,0,0,8,2,0,0,88,88,8888,88,88,8888,999,99,0,0,0,8,0,0,0
31,310180,2,2,2,0,153,6,11,14,27,1,4,12,6,0,20,20481,34,2000,1,0,0,0,5,0,998,8,2,0,13,99,0,20,0,0,0,8,9,0,0,996,8,8,0,0,0,88,88,8888,88,88,8888,999,99,0,0,0,8,0,0,0
31,310181,1,0,1,1,159,7,11,16,1,1,1,8,0,0,NA,NA,NA,NA,NA,NA,NA,NA,NA,NA,41,1,5,4,0,96,8,97,8,0,0,0,9,2,1,0,0,8,0,0,7,7,11,2018,16,1,1601,0,0,0,0,0,1,7,1,20
31,310181,1,1,1,0,159,7,11,16,1,1,1,8,0,0,85,85884,66,2016,1,0,0,0,7,0,71,1,1,0,11,99,0,20,0,0,0,0,9,2,1,0,0,8,0,0,0,88,88,8888,88,88,8888,999,99,0,0,0,8,0,0,0
31,310182,4,1,1,0,37,31,10,7,21,1,4,12,2,0,20,20421,15,2002,0,0,0,0,12,0,44,1,1,4,11,20,0,8,0,0,1,0,9,2,1,50,1,8,2,5,0,31,10,2018,20,0,2000,12,39,0,0,0,0,7,1,0
31,310182,4,2,1,0,37,31,10,7,21,1,4,12,2,0,18,18024,6,2011,0,0,0,0,12,0,48,2,1,4,11,3,0,8,0,0,1,0,9,2,1,0,0,8,2,0,7,31,10,2018,7,26,726,0,5,0,0,0,0,7,1,0
31,310182,4,3,1,0,37,31,10,7,21,1,4,12,2,0,7,7482,34,2009,0,0,0,0,12,0,25,1,1,0,11,99,0,20,0,0,0,0,9,2,1,0,0,8,0,0,0,88,88,8888,88,88,8888,999,99,0,0,0,8,0,0,0
31,310182,4,4,1,0,37,31,10,7,21,1,4,12,2,0,84,84881,66,2006,1,0,0,0,12,0,36,1,1,0,11,99,0,20,0,0,0,0,9,2,1,0,0,8,0,0,0,88,88,8888,88,88,8888,999,99,0,0,0,8,0,0,0
31,310183,1,1,1,0,29,20,11,12,54,1,5,1,0,0,82,82881,66,1999,1,0,0,2,0,0,36,1,1,4,11,20,0,20,1,3,0,9,9,2,1,290,9,8,0,0,7,20,11,2018,12,54,1254,0,0,0,0,0,1,7,1,0
31,310184,2,1,1,0,119,20,11,20,1,1,3,12,1,0,7,7402,14,2001,0,0,0,0,12,1,68,1,1,4,11,99,0,99,0,0,1,9,9,0,0,996,9,8,0,0,7,20,11,2018,20,1,2001,0,0,0,0,0,0,7,1,0
31,310184,2,2,1,0,119,20,11,20,1,1,3,12,1,0,98,98998,92,2016,0,0,0,0,6,0,50,1,1,0,11,20,0,20,0,0,0,0,9,0,0,996,0,8,0,0,0,88,88,8888,88,88,8888,999,99,0,0,0,8,0,0,0
31,310185,2,1,1,0,139,23,11,7,15,1,4,12,2,0,12,12402,14,2016,0,0,0,1,12,0,48,1,1,4,11,20,0,8,2,9,0,0,9,2,1,0,0,8,2,0,7,23,11,2018,7,45,745,0,30,0,0,0,0,7,1,0
31,310185,2,2,1,0,139,23,11,7,15,1,4,12,2,0,7,7422,15,2007,0,0,0,0,12,0,25,1,1,3,11,3,0,8,0,0,1,9,9,0,0,996,9,8,0,5,0,88,88,8888,88,88,8888,999,99,0,0,0,8,0,0,0
31,310186,1,1,1,0,179,26,11,99,99,1,6,1,0,0,12,12037,4,2004,0,0,0,2,0,0,21,1,1,4,11,20,0,1,1,9,0,0,9,0,0,996,0,8,0,1,0,5,12,2018,99,99,9999,999,99,0,0,0,0,6,98,0
31,310186,1,1,2,0,179,26,11,99,99,1,6,1,0,0,12,12037,4,2004,0,0,0,2,0,0,19,1,2,2,13,20,0,1,2,9,0,8,9,0,0,996,8,8,0,5,0,88,88,8888,88,88,8888,999,99,0,0,0,8,0,0,0
31,310187,1,0,1,1,19,30,11,99,99,2,4,8,0,0,NA,NA,NA,NA,NA,NA,NA,NA,NA,NA,67,2,5,4,0,96,8,97,8,0,0,9,9,0,0,996,9,8,0,5,0,30,11,2018,18,30,1830,999,99,0,0,0,0,7,1,2
31,310187,1,1,1,0,19,30,11,99,99,2,4,8,0,0,35,35043,4,2013,0,0,0,0,12,0,23,1,1,0,11,98,0,98,0,0,0,0,9,0,0,996,0,8,0,0,0,88,88,8888,88,88,8888,999,99,0,0,0,8,0,0,0
31,310188,2,1,1,0,55,1,12,17,35,1,3,12,6,0,12,12402,14,2011,0,0,0,0,12,0,36,1,1,0,11,99,0,1,0,0,0,1,9,2,1,103,0,8,0,0,0,88,88,8888,88,88,8888,999,99,0,0,0,8,0,0,0
31,310188,2,2,1,0,55,1,12,17,35,1,3,12,6,0,35,35039,4,1993,0,0,0,0,3,0,59,1,1,3,11,99,0,20,0,0,0,0,9,2,1,0,0,8,0,5,0,88,88,8888,88,88,8888,999,99,0,0,0,8,0,0,0
31,310188,2,2,2,0,55,1,12,17,35,1,3,12,6,0,35,35039,4,1993,0,0,0,0,3,0,14,1,2,4,13,99,0,20,1,9,0,8,9,0,0,996,8,8,0,5,0,2,12,2018,3,16,316,9,41,0,0,0,0,7,1,0
31,310189,1,1,1,0,55,7,12,23,53,2,3,33,0,0,12,12402,14,2006,0,0,0,1,12,0,64,2,1,4,11,20,0,2,0,0,1,1,9,0,0,996,0,8,2,0,7,7,12,2018,99,99,9999,999,99,0,0,0,0,7,1,0
31,310190,1,1,1,0,153,19,12,7,52,1,7,30,0,0,37,37032,2,1984,0,0,0,0,9,0,17,1,1,4,11,20,0,20,0,0,1,0,9,2,1,0,0,8,2,0,7,19,12,2018,8,12,812,0,20,0,0,0,0,5,1,0
31,310191,2,1,1,0,55,9,12,19,5,1,4,12,2,0,20,20028,4,2013,0,0,0,0,12,0,48,2,1,4,11,20,0,1,0,0,0,1,9,2,1,286,0,8,0,0,7,9,12,2018,19,35,1935,0,30,0,0,0,0,7,1,0
31,310191,2,1,2,0,55,9,12,19,5,1,4,12,2,0,20,20028,4,2013,0,0,0,0,12,0,45,1,2,3,13,3,0,1,0,0,0,8,9,0,0,996,8,8,0,5,0,88,88,8888,88,88,8888,999,99,0,0,0,8,0,0,0
31,310191,2,2,1,0,55,9,12,19,5,1,4,12,2,0,49,49403,14,2016,0,0,0,0,12,0,36,2,1,2,11,3,0,8,0,0,0,0,9,0,0,996,0,8,0,5,0,88,88,8888,88,88,8888,999,99,0,0,0,8,0,0,0
31,310191,2,2,2,0,55,9,12,19,5,1,4,12,2,0,49,49403,14,2016,0,0,0,0,12,0,10,1,2,2,21,12,0,20,0,0,0,8,9,0,0,996,8,8,0,5,0,88,88,8888,88,88,8888,999,99,0,0,0,8,0,0,0
31,310191,2,2,3,0,55,9,12,19,5,1,4,12,2,0,49,49403,14,2016,0,0,0,0,12,0,8,1,2,3,23,12,0,20,0,0,0,8,9,0,0,996,8,8,0,5,0,88,88,8888,88,88,8888,999,99,0,0,0,8,0,0,0
31,310192,1,1,1,0,55,8,12,15,45,1,7,58,0,0,20,20403,14,2004,0,0,0,1,12,0,26,1,1,4,11,20,0,20,9,0,0,9,9,0,0,996,9,8,0,0,7,8,12,2018,99,99,9999,999,99,0,0,0,0,7,1,0
31,310193,1,0,1,1,109,14,12,19,47,1,2,8,0,0,NA,NA,NA,NA,NA,NA,NA,NA,NA,NA,42,2,5,4,0,96,8,97,8,0,0,0,9,2,1,0,1,8,2,0,7,14,12,2018,99,99,9999,999,99,0,0,0,0,7,1,11
31,310193,1,0,2,1,109,14,12,19,47,1,2,8,0,0,NA,NA,NA,NA,NA,NA,NA,NA,NA,NA,61,2,5,3,0,96,8,97,8,0,0,9,9,0,0,996,9,8,0,5,0,88,88,8888,88,88,8888,999,99,0,0,0,8,0,0,11
31,310193,1,1,1,0,109,14,12,19,47,1,2,8,0,0,23,23481,34,2010,0,0,0,0,12,0,74,1,1,0,11,3,0,20,0,0,0,0,9,2,1,0,0,8,0,0,0,88,88,8888,88,88,8888,999,99,0,0,0,8,0,0,0
31,310194,1,0,1,1,157,18,12,14,50,2,4,8,0,0,NA,NA,NA,NA,NA,NA,NA,NA,NA,NA,63,1,5,4,0,96,8,97,8,0,0,0,9,2,1,0,0,8,0,5,0,18,12,2018,99,99,9999,999,99,0,0,0,0,7,1,1
31,310194,1,1,1,0,157,18,12,14,50,2,4,8,0,0,6,6051,4,2016,0,0,0,0,12,0,31,1,1,0,11,3,0,20,0,0,0,0,9,2,1,0,0,8,0,0,0,88,88,8888,88,88,8888,999,99,0,0,0,8,0,0,0
31,310194,1,1,2,0,157,18,12,14,50,2,4,8,0,0,6,6051,4,2016,0,0,0,0,12,0,998,8,2,0,23,4,0,20,0,0,0,8,9,0,0,996,8,8,0,0,0,88,88,8888,88,88,8888,999,99,0,0,0,8,0,0,0
31,310195,1,1,1,0,157,22,12,22,0,1,3,31,0,0,49,49472,34,2008,0,0,0,0,12,0,27,1,1,4,11,3,0,1,0,0,0,9,9,2,1,0,9,8,2,0,7,22,12,2018,99,99,9999,999,99,0,0,0,0,7,1,0
31,310196,1,1,1,0,101,22,12,16,8,1,1,32,0,0,20,20421,15,2009,0,0,0,0,8,0,39,1,1,3,11,3,0,8,0,0,0,0,9,0,0,996,0,8,0,5,0,88,88,8888,88,88,8888,999,99,0,0,0,8,0,0,0
31,310196,1,1,2,0,101,22,12,16,8,1,1,32,0,0,20,20421,15,2009,0,0,0,0,8,0,37,2,2,3,13,20,0,8,0,0,0,8,9,0,0,996,8,8,0,5,0,88,88,8888,88,88,8888,999,99,0,0,0,8,0,0,0
31,310196,1,1,3,0,101,22,12,16,8,1,1,32,0,0,20,20421,15,2009,0,0,0,0,8,0,9,1,2,3,21,3,0,20,1,9,0,8,9,0,0,996,8,8,0,5,0,88,88,8888,88,88,8888,999,99,0,0,0,8,0,0,0
31,310196,1,1,4,0,101,22,12,16,8,1,1,32,0,0,20,20421,15,2009,0,0,0,0,8,0,18,1,2,1,23,20,0,20,1,9,0,8,9,0,0,996,8,8,0,5,0,88,88,8888,88,88,8888,999,99,0,0,0,8,0,0,0
31,310196,1,1,5,0,101,22,12,16,8,1,1,32,0,0,20,20421,15,2009,0,0,0,0,8,0,16,2,2,1,31,20,0,20,0,0,0,8,9,0,0,996,8,8,0,5,0,88,88,8888,88,88,8888,999,99,0,0,0,8,0,0,0
31,310196,1,1,6,0,101,22,12,16,8,1,1,32,0,0,20,20421,15,2009,0,0,0,0,8,0,11,2,2,4,32,20,0,20,1,9,0,8,9,0,0,996,8,8,0,5,0,22,12,2018,18,40,1840,2,32,0,0,0,0,1,1,0
31,310196,1,1,7,0,101,22,12,16,8,1,1,32,0,0,20,20421,15,2009,0,0,0,0,8,0,15,2,2,1,33,20,0,20,1,9,0,8,9,0,0,996,8,8,0,5,0,88,88,8888,88,88,8888,999,99,0,0,0,8,0,0,0
31,310197,3,0,1,3,55,7,12,23,35,2,3,8,0,0,NA,NA,NA,NA,NA,NA,NA,NA,NA,NA,64,1,5,4,0,96,8,97,8,0,0,1,9,2,1,133,0,8,2,5,0,8,12,2018,0,5,5,0,30,0,0,0,0,7,2,11
31,310197,3,1,1,0,55,7,12,23,35,2,3,8,0,0,99,99999,99,9999,0,0,0,0,12,0,999,9,1,0,11,99,0,99,0,0,0,9,9,0,0,996,9,8,0,0,0,88,88,8888,88,88,8888,999,99,0,0,0,8,0,0,0
31,310197,3,2,1,0,55,7,12,23,35,2,3,8,0,0,99,99999,99,9999,0,0,0,0,12,0,999,9,1,0,11,99,0,99,0,0,0,9,9,0,0,996,9,8,0,0,0,88,88,8888,88,88,8888,999,99,0,0,0,8,0,0,0
31,310197,3,3,1,0,55,7,12,23,35,2,3,8,0,0,99,99999,99,9999,0,0,0,0,12,0,998,9,1,0,11,99,0,99,0,0,0,9,9,0,0,996,9,8,0,0,0,88,88,8888,88,88,8888,999,99,0,0,0,8,0,0,0
31,310198,3,1,1,0,155,2,12,18,54,1,3,12,6,0,12,12481,34,2005,0,0,0,0,3,0,58,1,1,3,11,98,0,98,0,0,0,0,9,2,1,0,0,8,0,5,0,88,88,8888,88,88,8888,999,99,0,0,0,8,0,0,0
31,310198,3,1,2,0,155,2,12,18,54,1,3,12,6,0,12,12481,34,2005,0,0,0,0,3,0,52,2,2,4,13,98,0,98,0,0,1,8,9,0,0,996,8,8,0,5,0,2,12,2018,20,18,2018,1,24,0,0,0,0,7,1,0
31,310198,3,2,1,0,155,2,12,18,54,1,3,12,6,0,82,82881,66,2015,1,0,0,0,12,0,53,1,1,1,11,98,0,20,0,0,0,0,9,2,1,0,0,8,0,5,0,88,88,8888,88,88,8888,999,99,0,0,0,8,0,0,0
31,310198,3,3,1,0,155,2,12,18,54,1,3,12,6,0,7,7482,34,2011,0,0,0,0,12,0,18,1,1,0,11,98,0,98,0,0,0,0,9,0,0,996,0,8,0,0,0,88,88,8888,88,88,8888,999,99,0,0,0,8,0,0,0
31,310199,4,1,1,0,25,17,12,14,6,1,3,12,1,0,12,12023,4,2015,0,0,0,0,12,0,22,2,1,1,11,3,0,1,0,0,0,0,9,0,0,996,0,8,0,0,0,88,88,8888,88,88,8888,999,99,0,0,0,8,0,0,0
31,310199,4,2,1,0,25,17,12,14,6,1,3,12,1,0,20,20481,34,1992,0,0,0,0,6,0,63,1,1,4,11,20,0,20,1,4,0,0,9,0,0,996,0,8,0,5,0,28,12,2018,18,12,1812,268,6,0,0,0,0,7,1,0
31,310199,4,3,1,0,25,17,12,14,6,1,3,12,1,0,7,7422,15,2015,0,0,0,0,12,0,26,2,1,1,11,3,0,1,0,0,0,0,9,0,0,996,0,8,0,5,0,88,88,8888,88,88,8888,999,99,0,0,0,8,0,0,0
31,310199,4,3,2,0,25,17,12,14,6,1,3,12,1,0,7,7422,15,2015,0,0,0,0,12,0,0,2,2,1,23,4,0,20,0,0,0,8,9,0,0,996,8,8,0,5,0,88,88,8888,88,88,8888,999,99,0,0,0,8,0,0,0
31,310199,4,4,1,0,25,17,12,14,6,1,3,12,1,0,87,87881,66,2015,1,0,0,0,12,0,63,1,1,0,11,3,0,20,0,0,0,0,9,0,0,996,0,8,0,0,0,88,88,8888,88,88,8888,999,99,0,0,0,8,0,0,0
31,310200,3,1,1,0,27,25,12,18,0,1,3,12,2,0,23,23471,34,2003,0,0,0,0,12,0,82,2,1,4,11,20,0,1,0,0,0,9,9,2,1,0,9,8,0,0,7,25,12,2018,18,0,1800,0,0,0,0,0,0,7,1,0
31,310200,3,2,1,0,27,25,12,18,0,1,3,12,2,0,20,20404,14,2015,0,0,0,0,12,0,78,1,1,3,11,3,0,8,0,0,0,0,9,0,0,996,0,8,0,5,0,88,88,8888,88,88,8888,999,99,0,0,0,8,0,0,0
31,310200,3,3,1,0,27,25,12,18,0,1,3,12,2,0,35,35051,6,2017,0,0,0,0,12,0,52,1,1,2,11,3,0,8,0,0,0,0,9,2,1,0,0,8,0,5,0,88,88,8888,88,88,8888,999,99,0,0,0,8,0,0,0
31,310200,3,3,2,0,27,25,12,18,0,1,3,12,2,0,35,35051,6,2017,0,0,0,0,12,0,998,2,2,2,13,3,0,8,0,0,0,8,9,0,0,996,8,8,0,5,0,88,88,8888,88,88,8888,999,99,0,0,0,8,0,0,0
31,310200,3,3,3,0,27,25,12,18,0,1,3,12,2,0,35,35051,6,2017,0,0,0,0,12,0,998,1,2,1,23,3,0,2,0,0,0,8,9,0,0,996,8,8,0,5,0,88,88,8888,88,88,8888,999,99,0,0,0,8,0,0,0
31,310201,2,1,1,0,159,28,12,11,7,1,1,12,6,0,7,7482,34,2007,0,0,0,0,3,1,30,1,1,4,11,3,0,99,0,0,1,9,9,0,0,996,9,8,0,0,7,28,12,2018,11,17,1117,0,10,0,0,0,0,7,2,0
31,310201,2,1,2,0,159,28,12,11,7,1,1,12,6,0,7,7482,34,2007,0,0,0,0,3,1,58,2,2,4,13,99,0,99,0,0,1,8,9,0,0,996,8,8,0,0,7,28,12,2018,11,17,1117,0,10,0,0,0,0,7,2,0
31,310201,2,2,1,0,159,28,12,11,7,1,1,12,6,0,98,98809,66,2007,1,0,0,0,12,1,49,1,1,3,11,3,0,20,0,0,0,9,9,0,0,996,9,8,0,5,0,88,88,8888,88,88,8888,999,99,0,0,0,8,0,0,0
31,310202,1,1,1,0,109,26,12,8,10,1,1,1,0,0,20,20403,14,2003,0,0,0,2,0,0,15,1,1,3,11,98,0,98,1,9,0,9,9,0,0,996,9,8,0,5,0,88,88,8888,88,88,8888,999,99,0,0,0,8,0,0,0
31,310202,1,1,2,0,109,26,12,8,10,1,1,1,0,0,20,20403,14,2003,0,0,0,2,0,0,14,1,2,3,13,98,0,98,1,9,0,8,9,0,0,996,8,8,0,5,0,88,88,8888,88,88,8888,999,99,0,0,0,8,0,0,0
31,310202,1,1,3,0,109,26,12,8,10,1,1,1,0,0,20,20403,14,2003,0,0,0,2,0,0,14,1,2,4,21,98,0,20,1,9,0,8,9,0,0,996,8,8,0,5,0,26,12,2018,9,19,919,1,9,0,0,0,0,7,1,0
31,310202,1,1,4,0,109,26,12,8,10,1,1,1,0,0,20,20403,14,2003,0,0,0,2,0,0,16,1,2,3,23,98,0,20,1,9,0,8,9,0,0,996,8,8,0,5,0,88,88,8888,88,88,8888,999,99,0,0,0,8,0,0,0
